date,pPAirlinePassengerServices_AIR,pPFlightBookings_AIR,uS_Jet_Fuel_Spot_Price_AIR,cPIAirlineFares_AIR,pPScheduledPassenger_AIR,airTransportation_AIR,industrialProdChem_CHEM,allEmployeesChemicals_CHEM,pPIChemicalManufac_CHEM,pPIPaintMaterialsChem_CHEM,industrialProductionChemProd_CHEM,pPIOilGasMachinery_OIL,capUtilizationOilGasExtraction_OIL,globalWTICrude_OIL,industrialProdDrilling_OIL,pPIOilGasExtraction_OIL,pPIPielineTransCrudeOil_OIL,globalBrentCrude_OIL,cPIFuelOil_OIL,industrialProdOilGasExtraction_OIL,industrialProdMachinery_OIL,industrialProdCrudeOil_OIL,employeesOilGasExtraction_OIL,advanceRetailSales_ECON,consumerPriceIndex_ECON,moneyStockM2_ECON,realDisposableInc_ECON,permit_ECON,interbankRates90day_ECON,unemploymentRate_ECON,pPCarRental_OTHERS,allEmployeesFinanceInsurance_OTHERS,exportPriceIndPharma_OTHERS,producerPriceIndexPharma_OTHERS,industrialProdPharma_OTHERS,market_TARGET_RELATIVE,specialty_TARGET_RELATIVE,non-specialty_TARGET_RELATIVE,upstream_TARGET_RELATIVE,midstream_TARGET_RELATIVE,downstream_TARGET_RELATIVE,integrated_TARGET_RELATIVE,services_TARGET_RELATIVE,legacy_TARGET_RELATIVE
2010-03-31,2.299999999999997,-3.299999999999997,0.1130024154589373,2.822999999999979,7.799999999999983,-3.3000000000000114,0.6240999999999985,0.3999999999998636,-1.900000000000034,1.1000000000000227,3.7565999999999917,-1.200000000000017,-0.3517999999999972,7.038625258799215,-0.519500000000022,7.900000000000006,-0.799999999999983,7.063163561076593,2.309000000000026,-1.2852999999999923,3.8045999999999935,-2.1433999999999997,0.39999999999997726,2.5,0.2790000000000248,-47.22500000000218,37.899999999999636,37.0,0.05000000000000002,0.09999999999999964,-10.899999999999977,-5.600000000000364,-0.5,-0.30000000000001137,4.770099999999999,1.0,1.3456597318305117,1.1405235729398264,0.8205545269269162,1.8301355941644022,2.531865358863274,0.5710013021310719,0.11671376053494513,2.930624595949887
2010-04-30,1.7999999999999972,0.0,0.1343229813664597,1.8820000000000618,-1.8000000000000114,0.6000000000000227,0.41339999999999577,2.6000000000001364,1.4000000000000057,-3.3000000000000114,-0.7179000000000144,0.700000000000017,-0.7287000000000035,-1.706415019762801,-1.3608999999999867,-4.5,8.399999999999977,0.6910711462452355,3.3100000000000023,-0.33740000000000236,-2.2501999999999995,-0.9501999999999953,0.6000000000000227,0.7,-0.02199999999999136,22.975000000002183,97.0,-50.0,0.02999999999999997,-0.09999999999999964,-11.800000000000011,8.300000000000182,0.7999999999999972,-2.599999999999966,-2.59429999999999,1.0,1.5391768081605572,-1.311146613515848,1.565890820586363,1.1867269171197266,0.018360443125795142,1.1354976975034257,1.4199475578259704,1.0910008279615517
2010-05-31,-2.0,0.0,-0.1799142857142857,0.06499999999994088,-9.299999999999955,-0.39999999999997726,0.6090000000000089,2.3999999999999773,-2.799999999999983,1.0,-0.8797999999999746,0.09999999999999432,0.08509999999999707,-13.999045736871892,-2.9124999999999943,-2.299999999999983,0.5,-14.331537737624828,-7.526999999999987,0.7355000000000018,-1.3318999999999903,1.3126999999999924,0.19999999999998863,-1.0,-0.16300000000001091,32.029999999998836,94.40000000000146,-62.0,0.08000000000000004,-0.3000000000000007,-22.400000000000006,0.6000000000003638,-1.5999999999999943,0.6999999999999886,1.0268999999999835,1.0,1.8569686299584895,1.920576050933875,0.8641702641924025,1.6764140691035025,0.5917271867729657,1.123743694587414,1.449527990642189,0.8030799916682222
2010-06-30,3.200000000000003,0.0,-0.005209090909091163,-0.45599999999996044,13.099999999999966,-0.4000000000000341,0.00549999999999784,-3.800000000000068,-0.10000000000002274,2.0,-0.22200000000002262,0.30000000000001137,0.23029999999999973,12.366233766233805,-2.470000000000013,13.099999999999966,2.1999999999999886,7.264913419913384,-1.6110000000000468,0.13989999999999725,0.02529999999998722,1.2179000000000002,-1.6999999999999886,0.0,0.02200000000001978,-33.81000000000131,20.899999999999636,12.0,-0.08000000000000002,0.10000000000000142,20.599999999999994,-5.300000000000182,-0.7000000000000028,0.5,-3.610199999999992,1.0,1.811385190453694,2.2375609306618975,0.09948143193248524,1.3693723391263195,2.0216198759925237,1.370085750787556,2.918809436881808,-0.23516285033953885
2010-07-31,0.5999999999999943,0.0,-0.03801948051948045,-0.29000000000002046,-6.699999999999989,0.5,-0.30939999999999657,1.3000000000000682,1.700000000000017,-4.0,0.09960000000000946,-0.5,0.20510000000000161,-0.8067532467533169,3.747100000000003,6.100000000000023,1.0,1.3100432900433248,2.821000000000083,-0.014200000000002433,3.1561000000000163,-1.4447999999999865,0.9000000000000057,0.1,0.49699999999995725,-23.094999999997526,19.600000000000364,-8.0,-0.18000000000000005,0.1999999999999993,52.20000000000002,4.699999999999818,2.799999999999997,4.0,0.630500000000012,1.0,0.6813762212019996,-5.764595778140351,4.548438105008718,5.971327606961227,5.157030898982027,5.264861091454855,-10.963698991108515,14.027690920924613
2010-08-31,-2.5,0.0,0.06370129870129837,-1.4710000000000036,-7.899999999999977,0.8000000000000114,0.1542999999999921,-0.7000000000000455,-0.700000000000017,11.599999999999994,1.2291000000000025,0.0,1.2412000000000063,-0.3627272727271986,2.372799999999998,-3.1999999999999886,0.0,2.06045454545459,6.202999999999918,0.953000000000003,-3.7967000000000155,2.032199999999989,0.9999999999999716,0.6,-0.08799999999996544,53.914999999999054,34.5,1.0,0.020000000000000073,0.09999999999999964,-43.30000000000001,0.1999999999998181,-0.7000000000000028,-4.0,4.477299999999985,1.0,0.6373734192700555,22.87227936563975,0.57924534409595,1.4074273579752545,-2.2351355154027885,4.683823656263017,2.449422978628716,-2.805089285915094
2010-09-30,-5.699999999999989,0.0,0.030346320346320788,-0.4590000000000032,-8.500000000000028,-0.39999999999997726,-0.30230000000000246,1.0,0.700000000000017,-7.399999999999977,-0.9174000000000007,0.39999999999997726,1.4804999999999922,-1.7845454545454942,-1.3761999999999972,-18.700000000000017,29.200000000000045,-0.8640909090908906,0.6770000000000778,0.23749999999999716,4.468800000000002,0.3738000000000028,-0.799999999999983,0.8,0.033999999999991815,-23.029999999998836,-11.700000000000728,-17.0,0.04999999999999999,-0.09999999999999964,-19.69999999999999,12.0,-0.19999999999998863,1.8999999999999773,-0.9953000000000003,1.0,2.0285715294929627,3.2785361885220876,0.32377636155591855,-0.6054905241783827,0.26558919363299976,0.6158269341893429,1.3316077795976935,0.6636173746983984
2010-10-31,2.799999999999997,0.0,0.13442857142857134,1.0960000000000036,22.19999999999999,0.6999999999999886,-1.2755999999999972,-0.599999999999909,0.8000000000000114,-2.30000000000004,0.32980000000000587,0.30000000000001137,-0.769999999999996,7.981341991341978,-0.19699999999998852,29.700000000000017,-0.5,4.037640692640593,8.122999999999934,-2.0351,-2.376099999999994,-3.1754999999999995,0.8000000000000114,1.3,0.40799999999998704,16.44000000000051,17.299999999999272,-5.0,0.02999999999999997,-0.09999999999999964,26.099999999999994,-11.799999999999272,-1.4210854715202004e-14,0.3000000000000682,-0.12879999999999825,1.0,1.889945206108399,2.5170730224280975,1.6166448398498925,1.9164992564953025,1.4630034352755676,1.436786004190049,2.4424549985899957,4.018671384667345
2010-11-30,0.8999999999999915,0.0,0.07528571428571373,5.960000000000036,-4.999999999999972,0.0999999999999659,0.703400000000002,-0.20000000000004547,-1.200000000000017,2.7000000000000455,1.112799999999993,-1.0,-0.8759000000000015,-4.347229437229373,-0.10990000000001032,-11.600000000000023,0.0,-2.379372294372203,-0.922999999999945,-0.08579999999999188,-0.7586000000000013,0.2819999999999965,-1.4000000000000057,1.1,-0.20499999999998408,-24.80500000000393,26.30000000000109,2.0,0.010000000000000009,0.5,-13.699999999999989,-0.5000000000009095,0.30000000000001137,-2.7000000000000455,-1.8451999999999913,1.0,1.3457642352940322,2.4146809585377524,1.3530029755121162,3.807290031427338,3.0814389005830582,2.0369540024884447,5.606803104135797,3.1614877879947767
2010-12-31,-0.09999999999999432,0.0,0.12966666666666704,0.5319999999999254,-2.6000000000000227,0.10000000000002274,0.6918000000000006,1.2999999999999545,0.29999999999998295,1.099999999999966,-1.290300000000002,1.5999999999999943,0.39690000000000225,2.739365706756999,1.2368000000000023,18.599999999999994,0.0,3.3746169772255996,1.853999999999985,1.1816999999999922,-0.6293000000000006,0.8049999999999926,-0.30000000000001137,0.6,0.3269999999999982,10.86000000000422,84.29999999999927,72.0,0.02999999999999997,-0.9000000000000004,-14.300000000000011,0.5,-1.5,-0.7000000000000455,1.43719999999999,1.0,2.053781230223535,0.3494308785862617,2.0784161846275073,1.7870942742771987,3.8497289153073404,1.3018656472701873,2.998594534900786,-1.9409670169021593
2011-01-31,3.0,0.0,0.16609999999999925,0.4430000000000405,8.200000000000045,-1.3999999999999773,-0.23619999999999663,-3.6000000000000227,4.200000000000017,-0.8999999999999773,0.8674000000000035,0.4000000000000057,-1.6621999999999986,-4.745138339920999,-0.41450000000000387,-15.499999999999972,-29.0,-1.6282815734988816,-1.4010000000000673,-1.8847999999999985,1.788499999999999,-1.6570999999999856,2.0999999999999943,0.7,-0.1670000000000016,-1.3000000000029104,49.5,-56.0,-0.03999999999999998,0.29999999999999893,-2.8000000000000114,3.9000000000005457,-1.2000000000000028,12.900000000000091,0.07699999999999818,1.0,0.6570515252769813,2.4256635848967845,1.4142060233214457,1.757256537651841,3.1000090881612334,1.6482961064099235,0.711168131874689,-0.23776517083918056
2011-02-28,1.7000000000000028,0.0,0.2202157894736847,-4.157999999999959,-3.7000000000000455,1.7999999999999545,-0.3301000000000016,4.7000000000000455,-2.5999999999999943,6.799999999999983,-0.29519999999999413,0.8000000000000114,-3.0416000000000025,-0.4305217391304126,-0.2272999999999996,-7.300000000000011,0.0,3.161997929606571,-3.4459999999999127,-1.274000000000001,-0.12709999999999866,-0.39459999999999695,-0.19999999999998863,0.8,-0.004000000000019099,17.3650000000016,29.80000000000109,-34.0,5.551115123125783e-17,0.10000000000000142,9.100000000000023,-8.100000000000364,1.5,-11.200000000000045,-0.9174999999999898,1.0,1.3437195667562556,2.6070107458145957,2.6508155436247547,3.114812641354139,6.3914553740538365,3.071150998876837,4.198146747422705,-1.439564949589698
2011-03-31,4.8999999999999915,0.0,0.2856842105263162,-1.5410000000000537,8.399999999999977,-0.0999999999999659,1.2631999999999977,0.10000000000002274,0.19999999999998863,-4.800000000000011,0.10099999999998488,0.09999999999999432,3.8696999999999946,13.694086956522014,0.3456999999999937,17.30000000000001,0.0,2.826066252587921,6.894999999999925,6.44080000000001,-0.2798000000000087,5.4517999999999915,1.0,1.0,0.4370000000000118,-8.2450000000008,-36.900000000001455,41.0,0.009999999999999953,0.09999999999999964,30.399999999999977,5.800000000000182,0.09999999999999432,-1.8000000000000682,2.414900000000003,1.0,-0.18548854442359808,2.9785139050620706,-2.0281270575532746,-2.9485265834573555,-0.9893618538370462,-0.49911033567614205,0.9463158703570421,3.389430508275595
2011-04-30,-0.5999999999999943,0.0,0.14164999999999983,-5.916999999999973,-13.999999999999943,0.39999999999997726,-0.6088000000000022,-0.5,0.0,2.200000000000017,0.7490000000000094,1.5999999999999943,-0.26429999999999154,-6.423316770187014,2.1861000000000104,7.300000000000011,-3.200000000000017,-1.777132505176013,-2.529999999999916,-3.821200000000019,-3.605799999999988,-3.815899999999999,0.4000000000000057,0.7,-0.10099999999999909,12.05000000000291,-22.299999999999272,-2.0,-0.05000000000000002,0.09999999999999964,-37.5,-4.399999999999636,0.10000000000000853,1.400000000000091,-2.970700000000008,1.0,2.790650451635664,0.49489112729703677,0.8491330269441788,1.1310630826630583,0.6929894374734755,1.366122050626668,0.5645977235039615,-2.662443343736815
2011-05-31,-0.4000000000000057,0.0,-0.18203095238095157,-5.8729999999999905,-0.20000000000004547,0.4000000000000341,-1.1829000000000036,-3.2000000000000455,2.842170943040401e-14,-4.399999999999977,-0.809899999999999,0.9000000000000057,0.46059999999999945,-15.918263692827992,-1.1073000000000093,-31.100000000000023,0.0,-17.401466214943994,-5.898000000000081,0.7031000000000205,6.780199999999994,1.367599999999996,-2.0999999999999943,-0.3,-0.3340000000000032,6.774999999995998,-12.399999999999636,37.0,0.03,-0.1999999999999993,-24.69999999999999,21.599999999999454,0.4000000000000057,-1.3999999999999773,3.0253999999999905,1.0,-0.045176871661300785,-0.5755370660133461,-0.48174163667270986,0.008996281066724423,-0.7296406042824132,-0.4542489075820766,-0.7451102091036637,1.220028768040187
2011-06-30,0.0,0.0,-0.038119047619048274,11.895999999999958,1.7000000000000455,0.1999999999999318,0.2920000000000016,2.3999999999999773,-2.0000000000000284,-6.600000000000023,0.10960000000000036,2.6999999999999886,0.21540000000000248,3.7942207792198985,-0.8854999999999933,1.2999999999999545,0.0,7.991839826838998,-5.379999999999939,-0.20190000000000907,-2.650099999999995,-0.1255000000000024,-2.842170943040401e-14,0.7,-0.7129999999999939,10.800000000001091,56.399999999999636,18.0,0.030000000000000027,0.1999999999999993,32.0,-19.899999999999636,-0.5000000000000142,-0.8000000000000682,-3.8641999999999825,1.0,2.3179764666846574,-0.8906608726398153,1.2544708013422676,1.2365471372749193,2.329279931500591,1.7152315355214292,-0.1778331566797826,4.7888535346303245
2011-07-31,0.30000000000001137,0.0,0.08425000000000038,7.9809999999999945,0.5999999999999659,0.6000000000000796,0.0945999999999998,0.7000000000000455,1.0999999999999943,10.5,-0.017300000000005866,0.8000000000000114,-1.5076999999999998,5.9369913419917,0.9155000000000086,12.10000000000008,8.400000000000006,3.403679653680001,1.4109999999999445,-1.6137000000000086,-1.9326000000000079,-2.567099999999982,0.700000000000017,-0.1,0.5890000000000271,91.35000000000036,35.399999999999636,-15.0,0.009999999999999981,-0.1999999999999993,46.900000000000006,3.199999999999818,0.8000000000000114,6.2000000000000455,0.7791999999999888,1.0,0.5239620592371641,1.8770859481095168,-0.10017842169985935,1.1066841067289455,9.898418011181342,1.5325036401128291,3.399366900212772,-2.6816626478362484
2011-08-31,2.3999999999999915,0.0,-0.12222826086956573,1.2410000000000991,5.400000000000034,-3.000000000000057,0.34669999999999845,0.900000000000091,-1.5999999999999943,1.6999999999999886,0.6642000000000081,0.09999999999999432,1.6859999999999928,-11.812223790702006,0.11169999999998481,-27.400000000000034,0.0,-9.082873141350987,-2.2639999999998963,3.0630000000000024,3.3373000000000133,4.633299999999977,-0.29999999999998295,0.3,0.12199999999995725,79.71499999999833,-13.299999999999272,26.0,0.03,0.09999999999999964,2.6999999999999886,3.800000000000182,-1.1000000000000085,-0.7000000000000455,3.3194000000000017,1.0,1.5616397157058892,0.5020217166786565,1.3452258261034569,1.0621559225450834,1.174433560308054,1.0416093925712675,1.3967093529915862,1.602421018810443
2011-09-30,-4.599999999999994,0.0,-0.06075983436852983,-12.660000000000139,-17.80000000000001,1.6000000000000227,0.5065000000000026,-0.8000000000001819,1.4000000000000057,-2.8999999999999773,-1.999900000000011,0.6999999999999886,-1.6799999999999926,10.16801900997551,-1.2028999999999854,29.0,0.0,8.745161867117986,-0.35200000000008913,-3.190899999999985,0.11029999999998097,-4.5823999999999785,1.3999999999999773,1.0,-0.21999999999997044,-209.7049999999963,-21.899999999999636,-37.0,-0.009999999999999953,0.0,-45.69999999999999,-8.5,0.09999999999999432,-2.1000000000000227,-1.4969999999999999,1.0,6.8330123969440155,3.288992458930805,8.076522250769013,2.472105609769148,19.026457549700933,1.546843803721717,15.702662809041541,-6.297825704195715
2011-10-31,2.299999999999997,0.0,0.017952380952380942,-6.438999999999908,17.599999999999966,-0.39999999999997726,0.09130000000000393,-3.199999999999818,-2.299999999999983,0.19999999999998863,0.9383000000000123,0.0,2.411999999999992,1.4938584603801814,0.8814999999999884,-14.400000000000034,0.0,-5.343284396762002,0.19499999999999318,3.9679999999999893,-3.846199999999982,4.83829999999999,-1.0999999999999943,0.6,-0.3380000000000223,1.6899999999968713,21.599999999998545,61.0,-5.551115123125783e-17,-0.1999999999999993,-14.0,8.599999999999454,-1.09999999999998,-2.099999999999909,1.7275000000000063,1.0,0.6035213359915107,-7.27811553333633,0.7982908261446044,2.321526515440027,1.2739420632887204,2.1519465571859895,-0.7100670882582925,1.0749908776156332
2011-11-30,-0.09999999999999432,0.0,0.08014285714285707,-1.0330000000000155,-6.199999999999989,-0.8000000000000114,-1.176400000000001,-1.5000000000001137,0.4999999999999716,-1.6999999999999886,-1.583100000000016,0.10000000000002274,0.957099999999997,9.870800865800831,-2.2990999999999957,23.000000000000057,0.0,4.012813852812997,4.091000000000008,-1.356899999999996,2.9945999999999913,-1.5146000000000015,-0.8000000000000114,0.5,0.26600000000001955,6.675000000001091,-2.2999999999992724,35.0,0.0,-1.7763568394002505e-15,-7.200000000000017,2.2000000000007276,0.9999999999999858,1.3999999999999773,-5.209000000000003,1.0,3.4652578470908835,0.9703456644091993,6.008692604401912,5.706054445578099,0.6188367919314467,0.5497672463451041,4.391379924804902,-3.5286052022427494
2011-12-31,0.6999999999999886,0.0,-0.17295238095238163,17.964,2.0,1.3999999999999773,0.7954000000000008,4.7000000000000455,-0.5999999999999943,-2.2000000000000455,2.474800000000016,0.0999999999999659,-0.1897999999999911,-9.114264069264024,0.7776999999999958,-25.400000000000034,0.0,-3.569134199133984,-7.728000000000009,-1.0822000000000145,1.321799999999996,-1.1590999999999951,0.9000000000000341,0.2,-0.3650000000000375,-14.850000000000364,109.70000000000073,-9.0,0.040000000000000036,0.10000000000000142,-48.39999999999999,4.099999999999454,0.5999999999999943,0.39999999999997726,5.387999999999991,1.0,0.7441877003633742,-4.308631199801755,-0.14639085216437467,3.5004919091277684,-6.017723713822728,2.4809248094309395,-2.2973396068438614,5.749126259537695
2012-01-31,1.4000000000000057,0.29999999999999716,0.21429523809523898,-7.837000000000046,2.000000000000057,1.8000000000000114,0.8539999999999992,-0.10000000000002274,4.599999999999994,1.0000000000000568,-1.5116000000000156,1.1000000000000227,1.3795999999999964,-0.009545454545786924,0.42600000000000193,7.0,1.5,5.557727272726993,1.7870000000000346,1.5759000000000185,-1.0366999999999962,1.581399999999988,-0.6000000000000227,0.8,0.5650000000000546,64.02000000000226,90.79999999999927,15.0,-0.16999999999999998,-0.09999999999999964,4.6000000000000085,-9.100000000000364,-0.19999999999998863,14.399999999999977,-4.7749999999999915,1.0,2.7330550207740414,2.8009608333444542,0.7392301933830911,-1.030799500839663,1.6221883786712394,0.9391314303502927,0.8355816790136592,0.907077594293355
2012-02-29,2.0999999999999943,-0.8999999999999915,0.11994999999999978,-3.519999999999982,1.9999999999999432,-3.1999999999999886,-0.7933000000000021,-2.6000000000000227,-2.3999999999999773,-2.7000000000000455,0.4672000000000196,0.39999999999997726,-0.9522000000000048,0.5778571428576953,-1.2857000000000056,-3.999999999999943,0.0,5.685108225109005,4.246000000000038,-2.265100000000004,1.3196000000000083,-1.1484999999999843,0.09999999999999432,1.3,-0.13200000000003342,-47.56500000000233,74.39999999999964,26.0,-0.010000000000000064,0.1999999999999993,19.299999999999983,4.700000000000728,-0.09999999999999432,-15.899999999999977,1.5170999999999992,1.0,1.7529377115416638,2.03757547701788,0.926099799408248,-0.02438102255736294,4.619862454659986,-0.020681482305461785,2.127664140106226,2.7463221215562346
2012-03-31,2.3000000000000114,0.799999999999983,0.04862272727272732,4.410000000000082,0.19999999999998863,0.2999999999999545,-0.323599999999999,4.0,0.6999999999999886,13.900000000000034,-1.2203000000000088,0.5,0.07330000000000325,1.7733766233769899,1.1378000000000128,9.89999999999992,0.0,-3.4824891774900095,-1.7770000000001005,1.0444999999999993,-1.1573000000000064,0.03339999999998611,1.3000000000000114,0.5,-0.00899999999998613,-1.9799999999995634,43.899999999999636,68.0,0.09000000000000002,-0.10000000000000142,53.10000000000002,11.899999999999636,0.0999999999999801,-0.10000000000002274,2.5579000000000036,1.0,-0.252214988263859,-0.1697277571761851,-0.12333613850246813,1.496291964702276,1.4483774691869198,0.3558522706500386,-1.9470038659867785,-3.689244503589855
2012-04-30,0.5,-0.799999999999983,-0.02992272727272738,-5.583000000000084,-4.599999999999966,0.20000000000004547,0.16689999999999827,-4.199999999999932,-1.6999999999999886,-11.900000000000034,0.9468999999999852,2.3000000000000114,-0.9309999999999974,-6.7537662337669815,-1.203400000000002,-14.599999999999966,-3.3000000000000114,-9.563939393939009,5.368000000000052,-0.9836000000000098,-0.01680000000000348,-0.8393999999999835,-1.700000000000017,-0.6,-0.09800000000001319,17.284999999998035,47.80000000000109,-74.0,0.010000000000000009,0.10000000000000142,-53.30000000000001,-17.899999999999636,-0.39999999999997726,-0.5,-3.3227000000000118,1.0,-27.785927031072628,17.4837967631502,81.57139677771026,-32.19767163200663,110.43839608831408,35.087674290203886,56.38449655812435,-39.59534908578371
2012-05-31,-1.6000000000000085,-0.10000000000000853,-0.2518954545454548,-6.5,-5.600000000000023,0.8000000000000114,-1.5876999999999981,0.7999999999999545,-0.30000000000001137,6.000000000000057,-1.12139999999998,0.30000000000001137,0.3605000000000018,-5.91116036137791,0.6269999999999953,-8.299999999999983,0.0,-5.731529267832968,-7.771000000000015,1.3289000000000044,-2.611399999999989,1.1333999999999804,0.4000000000000057,-0.1,-0.8540000000000134,-24.744999999997162,10.399999999999636,64.0,0.0,0.0,-6.699999999999989,2.899999999999636,0.19999999999998863,2.2000000000000455,1.0464000000000198,1.0,0.9597663585363383,2.3525225158845546,4.051889613508554,0.631296061376003,1.309709081332703,0.8613321586900586,1.689899817953028,-1.25532829940864
2012-06-30,1.9000000000000057,0.30000000000001137,-0.29585930735930566,2.7560000000000286,9.5,0.2999999999999545,0.043400000000005434,1.599999999999909,-2.3999999999999773,-9.200000000000045,-0.18610000000001037,0.39999999999997726,-0.6216000000000008,-3.3701035196684046,0.7439999999999998,1.299999999999983,0.0,-4.863478260870437,-14.548999999999978,-0.9693999999999932,-0.019000000000019668,-1.055599999999984,0.5,-1.0,0.285000000000025,26.534999999999854,11.200000000000728,-2.0,0.030000000000000027,0.0,6.399999999999977,-3.699999999999818,-0.4000000000000057,-2.2000000000000455,-3.314300000000017,1.0,0.2515912542231008,7.077302044233425,2.8332275859446385,11.858068366680014,-3.047720545752518,1.019475174249335,5.174837489410864,-1.1693065183899942
2012-07-31,-2.0,0.6999999999999886,0.21414285714285608,21.661,-10.599999999999966,-1.2999999999999545,-0.9865000000000066,-0.4999999999998863,2.3999999999999773,2.1000000000000227,0.21060000000001367,0.4000000000000341,1.2391999999999967,17.678363448146115,-2.209699999999998,30.0,17.69999999999999,22.484552983248832,14.021000000000015,1.9346999999999923,0.6790000000000163,2.3925999999999874,-1.0999999999999943,0.3,0.25499999999999545,18.834999999999127,-88.60000000000036,55.0,-0.050000000000000044,0.0,30.200000000000017,-0.6999999999998181,-0.09999999999999432,9.600000000000023,1.7447000000000088,1.0,0.13611851902847916,3.4850112306217205,1.101314051688678,1.781160328153093,3.7695601240812393,1.72056000405295,2.193330130194955,-0.634155908740649
2012-08-31,0.20000000000000284,-0.09999999999999432,0.2639792960662519,-4.497000000000014,6.099999999999966,0.39999999999997726,-0.05629999999999313,1.2000000000000455,0.5999999999999659,-4.400000000000034,0.40339999999997644,0.0999999999999659,-2.248800000000003,0.6890495012232947,-0.4615000000000009,9.900000000000006,0.0,2.6472294372295835,13.406000000000006,-3.5981999999999914,-1.4810000000000088,-4.714199999999991,0.10000000000002274,1.3,1.2620000000000005,-8.6200000000008,-47.5,-9.0,-0.019999999999999962,-0.09999999999999964,5.099999999999994,8.699999999999818,0.5999999999999943,-6.0,1.669799999999995,1.0,1.4179299054567147,1.37123652120186,1.8422779395865654,1.5378813506020865,5.352721318977917,1.4296909027838678,3.9639146945004113,-3.661764911138555
2012-09-30,-6.0,-1.0000000000000142,0.0348352402745995,-10.110000000000014,-17.399999999999977,-2.6000000000000227,0.27249999999999375,1.4999999999998863,-0.8999999999999773,3.900000000000034,0.5392000000000223,0.0,1.693000000000012,-5.724415019762802,0.0010999999999938836,-18.400000000000006,0.10000000000002274,-10.156590909091008,-4.093000000000075,4.116,-0.965299999999985,5.422200000000004,-0.6000000000000227,0.8,-0.23100000000002296,4.9100000000016735,59.899999999999636,90.0,0.019999999999999962,-0.20000000000000018,-16.30000000000001,-1.699999999999818,0.30000000000001137,-4.2999999999999545,1.1876999999999924,1.0,0.9540582887708127,1.1850174409461036,0.7361832981340368,1.5150856275828297,3.3526168439177657,1.278782755250619,0.6781881654400531,0.5770521031992163
2012-10-31,3.3999999999999915,-0.799999999999983,-0.08009610983981785,-3.9389999999999645,23.599999999999966,1.1000000000000227,-0.3025999999999982,-2.099999999999909,1.2000000000000455,-4.900000000000034,-0.3177000000000163,0.0,1.6470999999999947,-5.584173913043514,0.7220000000000084,-5.0,1.0,-1.451521739129987,-2.4829999999998904,-0.006400000000013506,-2.2715000000000174,0.6876999999999924,-0.20000000000001705,0.2,-0.4739999999999611,-5.445000000001528,93.89999999999964,-43.0,0.010000000000000037,0.2999999999999998,8.900000000000006,0.0,0.09999999999999432,3.199999999999932,-1.2659999999999911,1.0,-1.5754568281210684,6.342439108438164,2.545846561216318,-2.5554129462119834,1.400941107717492,-0.4351377418390001,4.708658928357779,-6.569367740500945
2012-11-30,-0.8999999999999915,0.8999999999999915,-0.1510993788819861,-2.0,-9.099999999999966,-0.19999999999998863,-0.2523999999999944,-1.7000000000000455,-1.8000000000000682,3.500000000000057,0.05700000000001637,0.4000000000000341,-0.19230000000000302,2.2607628458499107,0.10389999999999588,3.3999999999999773,0.0,-0.8526383399219952,-3.6900000000001114,-1.9236999999999824,0.9093000000000018,-2.9646000000000043,0.8000000000000114,0.2,-1.0120000000000005,-8.609999999998763,176.70000000000073,30.0,0.009999999999999981,-0.09999999999999964,13.200000000000017,-0.9000000000005457,-0.5999999999999943,-2.3999999999999773,-1.6861999999999995,1.0,-0.18403016261170088,0.8455140174994623,1.2901925068529698,2.344378736160911,-1.432979923388752,1.744106255596269,1.8396510983895316,-0.5704839570548778
2012-12-31,-0.5,0.5,-0.02020714285714309,20.96599999999995,0.8000000000000114,-0.4000000000000341,0.9579999999999984,1.5,0.3000000000000682,-5.900000000000034,1.830299999999994,0.0,-0.12179999999999325,4.329728966685394,0.31329999999999814,0.5000000000000284,0.0,2.1898418972339897,-4.234999999999957,0.07979999999999166,4.014400000000009,0.3592000000000155,1.3000000000000114,0.4,0.36099999999993315,60.1200000000008,323.1999999999989,24.0,0.009999999999999981,0.2999999999999998,-14.900000000000006,0.4000000000005457,-1.4210854715202004e-14,0.8999999999999773,5.05210000000001,1.0,2.996459669652582,2.751241048787386,0.6761577453860796,-0.12227734143630943,4.578988538824515,0.2553594302061475,0.7045373593609475,5.500047786417455
2013-01-31,2.1999999999999886,3.500000000000014,0.1514452380952389,-10.827999999999975,7.099999999999966,-0.9999999999999432,-1.1623000000000019,2.7999999999999545,4.099999999999966,6.599999999999966,-2.373100000000008,1.1999999999999886,-1.3090000000000117,4.95929700734041,0.9610000000000127,5.699999999999989,0.0,3.3605138339920018,1.8470000000000368,-1.2865000000000038,-0.7523000000000053,-2.2760000000000105,-0.30000000000001137,0.8,0.48600000000007526,-84.45500000000175,-749.5,-1.0,-0.019999999999999962,-0.10000000000000053,-16.900000000000006,0.0,0.6000000000000085,17.40000000000009,-4.706300000000013,1.0,2.4851783461553714,2.451892642661932,1.6368076110451175,2.1891475673341647,1.986504019215241,1.0677982379814717,2.1491143037350766,4.4658134651495605
2013-02-28,-0.8999999999999915,-1.3000000000000114,0.12658897243107736,-8.419999999999959,-7.899999999999977,1.8999999999999204,-0.9690999999999974,-0.39999999999997726,-1.6000000000000227,-0.9999999999999432,-0.765500000000003,0.10000000000002274,0.265900000000002,-5.818788819875593,1.2393999999999892,-6.599999999999994,0.0,0.23760869565199982,3.672999999999888,1.7135999999999996,-2.0515999999999934,2.6071000000000026,-0.29999999999998295,1.4,0.799999999999983,-45.335000000000946,-61.599999999998545,40.0,-2.7755575615628914e-17,-0.39999999999999947,33.0,-2.4000000000005457,-1.2000000000000028,-15.000000000000114,-1.1038999999999959,1.0,-1.212812882806141,-0.1747139377850691,1.4245813562121252,0.7738428743528152,10.656246750967794,0.26967266871284806,2.1785468210680916,2.3177708683969365
2013-03-31,3.0,-1.3000000000000114,-0.2484842105263163,10.362999999999943,10.199999999999989,0.8000000000000682,-0.07440000000001135,-2.7999999999999545,-1.599999999999966,-4.7000000000000455,1.896400000000014,0.2999999999999545,-0.33849999999999625,-2.8192960662527042,-0.7321000000000026,-1.799999999999983,0.0,-10.741304347826002,-8.197999999999865,-0.6550000000000011,2.9812999999999903,-0.8055000000000092,-2.1000000000000227,-0.9,-1.913000000000011,68.725000000004,18.69999999999891,-44.0,0.0,0.09999999999999964,5.300000000000011,-1.699999999999818,-0.09999999999999432,-2.199999999999932,4.3781999999999925,1.0,1.15254016127974,-0.8259161729371792,-0.3539639689241794,-0.08103597556283415,1.5407303831192192,0.5969838169538436,-0.8235772439128196,5.900453529716912
2013-04-30,-3.0,-2.299999999999983,-0.161518181818181,-17.82699999999994,-16.0,-0.10000000000002274,-0.133199999999988,1.1000000000000227,0.0,6.2000000000000455,-0.4902000000000015,0.10000000000002274,0.47629999999999484,1.077900432900492,-0.9024000000000001,11.399999999999977,7.399999999999977,0.8504545454550083,2.995999999999924,0.9082000000000079,-3.8399,1.1847000000000065,1.400000000000034,-0.5,0.1699999999999875,-4.905000000004293,48.0,76.0,2.7755575615628914e-17,0.2999999999999998,-40.5,9.50000000000091,-0.29999999999999716,-0.8999999999999773,-3.5423999999999864,1.0,-1.2630276415580342,-3.355854091920799,-1.3507178607782375,4.044366424511417,-6.3401011866187655,-0.578233169838882,-2.366868350824712,-0.40237770740871687
2013-05-31,-1.6000000000000085,1.1999999999999886,-0.08272727272727298,-0.42600000000004457,4.800000000000011,-1.1999999999999886,0.5973999999999933,-1.0000000000001137,-0.5,-1.2000000000000455,0.7790999999999855,-0.8000000000000114,-0.4761999999999915,3.7986090720873023,0.14220000000000255,-6.900000000000006,0.0,6.516047430829005,2.091000000000065,-1.0485000000000042,0.7950000000000017,-1.8638999999999868,-1.400000000000034,0.5,0.5810000000000173,-26.714999999998327,70.30000000000109,-9.0,0.009999999999999981,-0.1999999999999993,-12.900000000000006,-7.5000000000009095,1.2999999999999972,2.8999999999998636,2.7983999999999867,1.0,2.175237815367658,0.8351979150554271,1.8058755587724238,0.0639368954701634,0.11669125313534483,0.8360107500847831,1.0774871892934932,2.720230517773405
2013-06-30,3.9000000000000057,2.700000000000017,0.043695454545454204,10.259999999999991,13.299999999999955,0.19999999999998863,-0.804000000000002,-1.599999999999909,0.5999999999999659,-1.2999999999999545,-0.9106999999999914,0.0,-0.29760000000000275,-1.6288003952569028,0.8777000000000044,-5.5,0.0,-0.06845849802301984,6.469999999999914,0.21290000000000475,2.4066000000000116,0.49619999999998754,0.20000000000001705,0.4,0.45599999999998886,18.594999999999345,12.799999999999272,-61.0,-0.010000000000000009,0.09999999999999964,30.099999999999994,1.800000000000182,-0.7000000000000028,0.10000000000013642,-3.1888000000000005,1.0,0.9793487990407891,1.4482971419400203,1.9337649938498815,4.189975597752598,2.5716692412767297,1.048085071717303,1.9375031535134009,2.0639163048343336
2013-07-31,1.0,0.0999999999999801,0.12571363636363664,16.39500000000004,-7.499999999999943,-0.9000000000000341,-0.4684999999999917,3.6000000000000227,-0.6999999999999886,-1.0,1.0442000000000036,0.0,1.3469999999999942,7.684913043477891,-1.8486000000000047,12.800000000000011,9.600000000000023,4.523043478261016,0.48400000000009413,1.8892000000000024,-3.454100000000011,2.6668999999999983,0.799999999999983,0.7,-0.09699999999997999,17.155000000000655,-13.5,55.0,-0.03999999999999998,-0.20000000000000018,9.400000000000006,4.899999999999636,0.19999999999998863,4.2999999999999545,0.9911000000000172,1.0,0.898991703266481,-0.7618251987290623,1.1895282032538124,0.8557676233073173,-2.674611944792678,1.2719424587138268,2.4929101382906036,1.9581406356927886
2013-08-31,0.7000000000000028,-1.9999999999999858,0.1088181818181817,-8.22100000000006,-0.8000000000000114,1.1000000000000796,0.05349999999999966,-4.2000000000000455,-1.0,10.899999999999977,-1.0613000000000028,0.4000000000000341,-0.6267999999999887,-6.7545711462439755,0.297300000000007,-11.599999999999966,0.8000000000000114,-1.357173913044008,2.3519999999999186,-2.23660000000001,6.137500000000003,-3.282899999999998,0.20000000000001705,-0.3,0.10099999999997067,-7.984999999998763,27.200000000000728,-33.0,0.02999999999999997,0.10000000000000053,14.599999999999994,-12.799999999999272,-0.5999999999999801,-7.5,1.0667999999999864,1.0,65.30659202394678,-80.98351435130816,-7.511072298784522,33.154593059060666,33.21195840889616,-73.67487148588987,87.55582233969136,-3.180830050380025
2013-09-30,-6.299999999999997,-1.4210854715202004e-14,-0.06883181818181816,-7.059999999999945,-18.200000000000045,0.6999999999999318,-1.004400000000004,0.39999999999997726,0.20000000000004547,-11.600000000000023,0.7323999999999984,0.19999999999998863,1.1655999999999977,-2.233700357614012,-1.1484000000000094,3.499999999999943,0.0,-2.5924844720489943,-4.83299999999997,2.0968000000000018,-0.5534999999999997,3.538499999999999,-0.5999999999999943,-0.1,-0.4679999999999609,0.7399999999997817,50.0,40.0,0.010000000000000023,0.09999999999999964,-25.0,3.199999999999818,1.1999999999999886,-11.5,1.7860000000000014,1.0,3.411713715954026,2.860592107325793,2.3855468573478995,-1.5311190390230403,-2.9921018539795425,0.058276789141685464,5.571904551075877,5.82526416516715
2013-10-31,2.6999999999999886,-0.6999999999999886,-0.04974130434782609,-0.12700000000000955,23.500000000000057,-0.5999999999999659,-0.17190000000000794,2.2999999999999545,0.5999999999999659,7.0,-0.5403999999999911,0.30000000000001137,-2.643799999999999,-5.580820628647004,-0.7307999999999879,-12.499999999999943,0.0,-2.7987267080750087,-4.289000000000044,-4.434899999999999,-4.872700000000009,-6.951099999999997,-0.5000000000000284,0.3,0.03699999999997772,58.12999999999738,-32.70000000000073,40.0,0.01999999999999999,0.0,1.0,-9.094947017729282e-13,-0.20000000000000284,13.100000000000023,-2.1962000000000046,1.0,1.9301191971918623,1.6914971950759399,2.127048254727651,0.23035858779556495,2.1218721908280465,-0.7002260600864053,2.0141387574651386,3.592051661197386
2013-11-30,-2.3999999999999915,0.5,-0.054508695652173866,1.343999999999994,-13.600000000000023,2.6999999999999886,-0.2861999999999938,2.900000000000091,-0.10000000000002274,-11.499999999999943,0.6238999999999919,0.2999999999999545,0.25839999999999463,-0.8746790890270972,0.8612999999999857,-4.500000000000057,0.6999999999999886,0.7398343685300119,4.34800000000007,3.412300000000002,2.5042000000000115,5.2105999999999995,1.6000000000000227,0.2,0.3059999999999832,-112.83999999999833,39.29999999999927,-15.0,-0.009999999999999995,-0.2999999999999998,-8.699999999999989,-1.8999999999987267,0.4000000000000057,-1.1000000000000227,-0.7257999999999925,1.0,0.4443232417206057,0.26277374422927274,0.05032281794067737,-0.18850320407112814,2.588672223183204,1.265390210145056,0.7177366317308069,3.6226100810600297
2013-12-31,6.299999999999997,-0.10000000000000853,0.12509047619047609,-1.2800000000000296,23.0,0.30000000000001137,0.42249999999999943,-4.7000000000000455,1.5000000000000568,6.899999999999977,-0.30579999999999075,0.30000000000001137,-0.3380999999999972,10.777945605119896,1.6237000000000137,26.700000000000045,0.0,3.9594334650849845,2.5540000000000305,-0.6940000000000026,-1.5427000000000106,-0.5646000000000129,-1.200000000000017,0.7,0.18800000000004502,61.47999999999956,39.0,-22.0,0.020000000000000018,0.09999999999999964,-6.800000000000011,4.799999999999272,-0.8999999999999915,4.199999999999932,1.5498999999999938,1.0,1.0809306486748873,0.2865206693477972,-2.559990631230309,0.3831868484174575,8.062988552951312,2.205134169043123,-3.903320713920873,0.04001398607659747
2014-01-31,-2.799999999999997,0.8000000000000114,-0.03428571428571514,-9.535999999999945,-23.80000000000001,-3.000000000000057,-0.9569999999999936,2.800000000000068,2.999999999999943,0.7999999999999545,0.14469999999998606,2.1000000000000227,1.0117999999999938,-6.995642763034098,-0.06380000000001473,-5.500000000000057,0.5999999999999659,-5.620171277995993,12.90199999999993,1.6393000000000058,2.8788000000000125,1.1298000000000172,1.0000000000000284,-1.0,-0.05000000000006821,-14.159999999999854,59.5,-24.0,-0.040000000000000036,0.09999999999999964,21.599999999999994,-8.599999999999454,-1.700000000000017,20.20000000000016,-0.6088999999999913,1.0,2.731854922048491,3.427825541091061,-3.0836533273251328,9.248363938324,6.226990715400714,-0.7394651281796196,-0.4078275787640468,19.428338810450295
2014-02-28,-2.5,-0.9000000000000057,0.04398997493734358,8.342999999999961,0.6999999999999886,0.40000000000009095,0.013099999999994338,-1.3000000000000682,-2.5,7.800000000000068,1.081000000000003,1.599999999999966,0.2429000000000059,8.613229249011894,-0.16489999999998872,30.500000000000057,0.0,4.304766798418015,1.5950000000000273,-0.9004000000000048,-0.39050000000000296,-1.1418000000000035,0.8999999999999773,1.5,-0.30999999999994543,32.68000000000211,77.30000000000109,62.0,0.030000000000000027,0.20000000000000107,2.5,17.599999999999454,1.4210854715202004e-14,-22.90000000000009,-0.21040000000000703,1.0,-5.319728657866983,1.9535876816216386,-2.3487413924092233,6.282198494261589,6.123116222237827,10.453251802589891,-4.918179272057335,-8.007173090937897
2014-03-31,4.700000000000003,2.0999999999999943,-0.07446616541353368,5.58600000000007,18.900000000000034,2.2999999999999545,0.7634999999999934,1.2000000000000455,-1.1999999999999318,-13.200000000000045,0.6266000000000105,-0.5999999999999659,0.39170000000000016,-5.8381449275365895,2.538899999999998,-54.50000000000006,-1.5,-2.647850931677027,-48.65800000000007,0.19950000000000045,-1.037700000000001,0.5057999999999936,-3.799999999999983,1.0,0.22199999999998,-37.92000000000189,68.89999999999964,17.0,-0.020000000000000018,-0.10000000000000053,30.599999999999994,-14.600000000000364,2.0,-2.1000000000000227,3.7613000000000056,1.0,2.593118920869309,2.0329375066641897,1.2817414320382208,-0.7811945270442636,2.5155644710604976,0.9915688488164807,1.491228048176458,3.299163200411176
2014-04-30,0.8999999999999915,-0.8999999999999915,-0.0025238095238093727,-1.744000000000085,-9.600000000000023,-3.400000000000034,0.08920000000000528,-1.2000000000000455,1.599999999999909,1.0,-1.54140000000001,-0.30000000000001137,1.6895999999999987,1.7359696969700025,-0.9107000000000056,14.300000000000068,0.4000000000000341,1.8760259740270158,17.302000000000078,1.6222000000000065,1.752299999999991,2.409700000000015,4.099999999999966,1.2,-0.04099999999999682,14.039999999999054,48.0,23.0,0.010000000000000009,-0.5,-1.0,2.2000000000007276,0.09999999999999432,-0.2999999999999545,-3.8996000000000066,1.0,2.679768288430173,6.530757670249289,2.348193842059171,-7.291826474843831,-7.005139217145988,-17.08055467086259,-25.731603702196733,1.878393303812662
2014-05-31,-1.0,-1.7000000000000028,-0.02004761904761887,4.851000000000056,-5.199999999999989,4.400000000000034,-0.8973000000000013,1.3000000000000682,-2.199999999999932,9.100000000000023,-0.5481999999999942,0.0,0.11700000000000443,-1.780757575757022,-0.20129999999998915,0.2999999999999545,0.0,1.3307142857130003,10.464999999999975,-1.9344000000000108,-0.1167999999999978,-2.4361000000000104,-0.39999999999997726,0.1,0.010000000000019327,1.8550000000013824,48.29999999999927,-69.0,-0.009999999999999995,0.5999999999999996,-27.299999999999983,4.100000000000364,0.0,2.3999999999999773,1.067600000000013,1.0,2.795043619755194,-0.974936957037,3.1936395610061132,4.097911088814048,2.2095053199554195,2.246260880616068,1.9141320481877684,5.387980618144506
2014-06-30,3.1000000000000085,-0.20000000000000284,0.015285714285714125,-6.003000000000043,10.400000000000034,-1.599999999999966,1.0520000000000067,0.9999999999998863,0.8999999999999773,-2.1000000000000227,2.7099999999999937,0.10000000000002274,1.2107999999999919,3.4141774891770353,0.39059999999999206,3.400000000000034,2.1999999999999886,0.39220779220799784,0.58299999999997,1.383100000000013,-3.569299999999984,1.5374999999999943,-0.09999999999999432,0.2,-0.13700000000002888,2.9899999999997817,59.0,-13.0,0.009999999999999995,-0.2999999999999998,-6.700000000000017,4.299999999999272,-0.7000000000000028,5.0,0.3474999999999824,1.0,2.5611149301518354,0.5291315670623072,4.900853949618079,7.394850883225715,-1.600322676930862,0.9972279701565617,3.831736814542569,4.876393180838133
2014-07-31,-0.4000000000000057,1.7000000000000028,-0.06605194805194792,-3.599999999999966,-8.900000000000034,-0.3000000000000682,0.5249000000000024,-2.3999999999998636,0.6000000000000227,-1.3999999999999773,-1.7434999999999974,0.0999999999999659,-0.35729999999999507,-5.494540749106022,-1.4904999999999973,-11.500000000000057,8.0,-7.0781902879720064,1.2980000000000587,-1.9996000000000151,1.1295999999999822,-2.8615000000000066,-1.0,0.1,-0.04599999999999227,-4.530000000000655,39.80000000000109,70.0,0.020000000000000004,0.3000000000000007,34.400000000000006,0.6999999999998181,3.0999999999999943,-2.0,-1.7445999999999913,1.0,0.9826597268051808,-2.987309868329063,1.3709754154465057,7.098153870891039,-6.909477538056533,1.7736762747373092,5.988544164639061,-4.095829153223028
2014-08-31,0.7999999999999972,-2.8999999999999915,0.021813852813852286,1.2639999999999532,3.099999999999966,-0.9999999999999432,0.5986999999999938,1.2999999999999545,-1.2000000000000455,2.2999999999999545,0.5557999999999907,0.10000000000002274,-0.04019999999999868,-4.348840579710412,2.746299999999991,-4.999999999999943,8.399999999999977,-0.17513457556998446,0.9189999999999827,0.37460000000001514,-1.440499999999986,0.6649000000000171,-0.8000000000000114,0.8,-0.3049999999999784,-30.584999999997308,60.899999999999636,-26.0,-0.020000000000000004,-0.20000000000000107,-12.599999999999994,3.0000000000009095,-2.3999999999999915,-3.7000000000000455,2.3255000000000052,1.0,-2.3083006206011105,4.389814929092524,5.609075030016027,-2.6556154731802737,-9.317947262129792,4.24433306736661,5.467514662812828,0.40655303431805856
2014-09-30,-6.299999999999997,5.799999999999983,-0.10450476190476099,-2.055999999999983,-19.099999999999966,0.7999999999999545,-0.24399999999999977,-0.20000000000004547,0.5,1.3000000000000682,-1.0877999999999872,0.39999999999997726,0.21339999999999293,3.572320722755734,-0.20189999999999486,10.499999999999972,1.5,0.4746452098625866,-8.343999999999994,0.29769999999997765,0.14889999999998338,0.9124999999999943,1.1000000000000227,-0.4,0.0549999999999784,7.824999999995271,39.79999999999927,29.0,-0.010000000000000009,-0.09999999999999876,-29.099999999999994,-1.7000000000007276,-0.5999999999999943,-1.1999999999999318,0.4930999999999983,1.0,1.1281029554316333,-0.10213556933970794,-1.440698238896047,-0.2613509027724114,-1.1145579955022533,-1.522217575309284,-2.440367995472983,1.604382543837329
2014-10-31,0.7000000000000028,-8.59999999999998,-0.289971428571429,5.05800000000005,19.100000000000023,2.7000000000000455,-0.7015999999999991,1.2000000000000455,-1.3999999999999773,-9.500000000000057,-0.6396000000000015,-0.19999999999998863,-0.02039999999999509,-5.916753246753217,-1.1359999999999957,-16.5,0.0,-5.480781102954893,-2.9560000000000173,-0.33749999999997726,1.636800000000008,-1.0757999999999868,1.299999999999983,0.2,-0.06399999999999295,26.200000000004366,55.0,24.0,0.010000000000000009,-8.881784197001252e-16,0.0,-5.399999999999636,-0.4000000000000057,4.399999999999977,-2.4775000000000063,1.0,3.224450254079583,2.115684131052238,4.094406332839008,1.9476012197510961,2.8005499013763213,1.9012828432547573,3.619340869633846,1.5689343450249589
2014-11-30,-0.5,4.09999999999998,-0.14716541353383494,-2.6200000000000614,-3.1000000000000227,-0.6000000000000227,0.16979999999999507,-3.5000000000001137,-1.6999999999999886,-0.7999999999999545,1.591700000000003,0.0,-1.3087000000000018,0.25059090909088866,-0.3119000000000085,9.200000000000017,0.0,1.2352332015809964,4.187999999999988,-1.7422000000000253,-1.7848999999999933,-1.0068000000000268,-2.1000000000000227,0.3,-0.4000000000000057,-34.87500000000182,63.0,-38.0,0.010000000000000009,0.2999999999999998,-8.800000000000011,7.399999999999636,0.4000000000000057,-4.2000000000000455,1.595799999999997,1.0,0.5846484642241229,0.950938387959099,-0.1686683657543063,0.4436260166858998,0.910811615436723,0.3378159802099824,-0.34729901846255457,3.735437200695584
2014-12-31,1.5999999999999943,-2.3999999999999915,-0.4960813397129191,-3.571999999999946,5.0,-3.5,0.38590000000000657,1.400000000000091,1.5,18.299999999999955,0.31279999999999575,0.30000000000001137,1.8986000000000018,-7.903434782608684,0.32740000000001146,-12.000000000000028,5.900000000000034,-7.443391304347806,-16.31899999999996,4.182900000000018,-1.4408999999999992,3.9679000000000144,2.842170943040401e-14,-0.8,-0.2839999999999918,55.524999999999636,80.80000000000109,12.0,0.009999999999999981,-0.2999999999999998,-15.099999999999994,-9.699999999999818,1.299999999999983,8.100000000000023,1.9525000000000006,1.0,-8.807376551540228,-5.229864490984388,-22.87113701454801,-21.31958127187268,-13.689567872296552,-11.452349438667952,-32.01640735732346,24.030396300102428
2015-01-31,-0.5999999999999943,3.9000000000000057,-0.30563181818181717,-0.8180000000000973,-5.399999999999977,2.1999999999999886,-0.15619999999999834,-3.3999999999999773,-0.19999999999998863,-21.69999999999996,0.10509999999999309,0.0999999999999659,-0.912700000000001,5.10600592885379,-8.831299999999999,-24.69999999999999,1.8999999999999773,2.5287312252964114,-2.2240000000000464,-3.7822999999999922,-1.8031000000000148,-5.06280000000001,-1.6999999999999886,-0.7,-0.7740000000000009,-29.525000000001455,61.600000000000364,-17.0,-0.009999999999999981,0.3000000000000007,24.30000000000001,15.099999999999454,-3.3999999999999773,8.600000000000023,-1.7843999999999909,1.0,1.320217155979977,-3.1136615922566335,2.3999244634954753,1.5459340244165065,4.168536881163783,1.8285592861321645,4.261283999975835,-4.319355338615711
2015-02-28,-1.7999999999999972,-1.1000000000000085,0.2706605263157893,4.0150000000001,-3.1000000000000227,0.19999999999998863,-0.19650000000000034,4.5,1.099999999999966,27.299999999999955,-1.2412999999999954,-0.5,0.24859999999999616,14.609792490118508,-9.221000000000018,50.80000000000001,0.0,23.259907114624497,22.574000000000012,1.4868999999999915,-2.5725999999999942,2.9306000000000267,0.29999999999998295,-0.2,2.0999999999999943,74.65000000000327,38.099999999998545,74.0,-0.020000000000000018,-0.3000000000000007,-0.6000000000000227,-10.199999999998909,1.299999999999983,-15.699999999999932,-2.2608000000000033,1.0,2.694535098863463,1.9550637099623567,2.2308565359133916,1.20011612798954,6.406676196997876,0.43701428557841365,1.4719839439565416,-0.8666105160947436
2015-03-31,2.5,-1.5,-0.1376650717703347,-0.8300000000000409,11.0,-1.7999999999999545,-0.6256000000000057,-2.6000000000000227,-1.0,-39.69999999999996,-0.38579999999998904,0.30000000000001137,-0.2560000000000002,-6.047727272727208,2.0415000000000134,-3.1999999999999886,0.0,-11.652818181818205,9.94500000000005,-0.7456999999999994,4.339500000000001,-1.317100000000039,0.6999999999999886,1.5,0.03899999999998727,-98.31999999999971,-39.5,-60.0,2.7755575615628914e-17,0.10000000000000053,14.0,-2.0000000000009095,1.2000000000000028,-0.7000000000000455,3.1410999999999945,1.0,2.2552790631160735,35.56187188672798,38.288677083683986,5.274164627492678,-5.282527981128583,35.78750039864404,24.460953879731267,-8.944528591342118
2015-04-30,-2.1000000000000085,2.1000000000000085,0.07369264069264081,-2.9419999999999504,-12.0,2.8999999999999773,0.3521000000000072,2.2999999999999545,2.1999999999999886,33.599999999999994,-0.20190000000000907,-0.0999999999999659,0.2430000000000092,9.353863636363606,4.227500000000006,3.799999999999983,-4.800000000000011,5.73731818181821,-19.233000000000004,0.5974999999999966,-3.2110999999999876,0.5467000000000439,-1.0,0.1,-0.3879999999999768,16.989999999996144,70.70000000000073,90.0,-2.7755575615628914e-17,0.09999999999999964,-13.599999999999994,0.3000000000001819,-0.3999999999999915,-0.5000000000001137,-3.210499999999996,1.0,18.116834408236578,-12.651557999657618,43.56496769290341,27.498603556629345,-0.7461399712238949,12.630311278852083,46.08968657820151,-21.446039074505173
2015-05-31,-1.5999999999999943,-1.2000000000000028,0.14726190476190415,13.36199999999991,1.3999999999999773,-1.8999999999999773,-0.9377000000000066,-0.9999999999998863,5.684341886080802e-14,-22.19999999999999,-1.236699999999999,1.599999999999966,-1.2202000000000055,-1.3612554112553994,5.310099999999991,10.199999999999989,0.0,1.573701298701394,9.88599999999991,-2.068099999999987,2.0734999999999886,-2.6162000000000205,1.3000000000000114,0.9,0.5329999999999586,-23.669999999996435,48.0,109.0,0.03,0.1999999999999993,-6.199999999999989,0.4000000000005457,0.7999999999999972,3.700000000000159,1.6085000000000065,1.0,4.191165447496229,5.2951455273014325,-4.24890284799259,-1.8848708157639502,3.0294231114737618,-0.6512642940116216,1.0552665401446255,-4.438868696032434
2015-06-30,2.700000000000003,0.29999999999999716,-0.11709090909090891,-2.266999999999939,11.100000000000023,1.3999999999999773,0.42549999999999955,-0.3000000000000682,1.9999999999999432,2.299999999999983,3.1969999999999885,-0.0999999999999659,-0.34959999999999525,-4.516580086580106,4.253100000000003,-10.299999999999983,0.0,-7.387402597402712,0.09500000000008413,1.1031999999999869,-0.3336000000000041,1.5157999999999845,0.20000000000001705,0.2,-0.1229999999999336,28.979999999995925,31.399999999999636,97.0,0.010000000000000009,-0.4999999999999991,-7.099999999999994,9.599999999999454,0.19999999999998863,17.09999999999991,-0.34770000000000323,1.0,3.306528154541625,14.520063075601303,5.5880123637106935,8.164124006169104,16.871889535075198,6.3744826309220874,5.672655485684762,14.459627710763854
2015-07-31,-0.10000000000000853,-0.8000000000000114,-0.1903636363636363,-10.314000000000021,-7.300000000000011,1.1999999999999886,-0.02200000000000557,0.39999999999997726,-3.7999999999999545,11.699999999999989,-1.0561999999999756,-2.1000000000000227,-0.1968000000000103,-9.184970826275197,1.6807999999999907,-14.600000000000023,11.900000000000034,-4.264737436476487,-7.180000000000007,0.12399999999999523,2.656700000000008,0.7191000000000258,0.8999999999999773,0.7,-0.2790000000000248,4.3400000000056025,32.100000000000364,-231.0,-0.01999999999999999,0.20000000000000018,29.299999999999983,-3.899999999999636,-0.4999999999999858,-20.0,-0.5581000000000103,1.0,9.499200560825061,23.57218422387509,15.488490800660925,4.108542379201164,-1.0261606428057357,6.21561369747763,9.333980327744323,-2.2012470742252783
2015-08-31,-2.700000000000003,1.90000000000002,-0.15304545454545448,1.948000000000036,-7.099999999999966,-1.6999999999999886,-0.7261999999999915,-1.6999999999999318,0.0999999999999659,6.300000000000011,-0.5653000000000219,-0.10000000000002274,-0.41389999999999816,0.3444005270091992,1.1403000000000105,-3.2999999999999687,0.0,-2.3911095426313906,-0.8710000000000377,-0.37989999999999213,-0.5787000000000049,-1.5899000000000285,-1.5999999999999943,-0.1,-0.37800000000004275,-10.840000000003783,27.0,30.0,0.06,-8.881784197001252e-16,4.800000000000011,-11.199999999999818,-0.5000000000000142,0.10000000000002274,0.8020000000000067,1.0,2.667224585130883,1.5740600476457254,3.6472713051186387,3.9743861155673783,0.9437752534707157,3.4227396610134035,1.9386088417190166,-2.0008483432262683
2015-09-30,-5.3999999999999915,-0.10000000000000853,0.0039047619047618554,-1.063000000000045,-6.2000000000000455,1.6999999999999886,0.41219999999999857,0.8999999999998636,-1.1999999999999886,-3.6999999999999886,0.04290000000000305,-0.19999999999998863,0.21300000000000807,10.916436100131811,-5.29440000000001,14.999999999999986,0.0,9.111626199887176,2.4739999999999895,0.7861000000000047,0.6913000000000054,1.1841000000000292,0.0,-0.4,-0.5339999999999634,16.340000000000146,33.0,-23.0,-0.06,8.881784197001252e-16,-30.0,5.899999999999636,0.30000000000001137,-0.10000000000002274,0.8298000000000059,1.0,1.1061858606296238,2.681532835337276,0.9506459028005256,1.9878741223307506,1.1423556970574553,0.9496842443776776,1.5544156920980097,-0.13480595134007406
2015-10-31,2.200000000000003,-0.7999999999999972,-0.001995670995670995,7.437000000000012,19.600000000000023,-2.0,0.261099999999999,1.1368683772161603e-13,0.6999999999999886,-23.80000000000001,0.13790000000001612,0.0,-1.1921999999999997,-1.903030303030313,-0.36309999999998865,1.2999999999999972,0.0,0.6492857142856181,6.3180000000000405,-2.014700000000005,0.4947999999999908,-2.577600000000018,-1.5999999999999943,-0.4,0.7700000000000102,-45.11999999999898,9.200000000000728,22.0,-0.030000000000000027,0.09999999999999964,5.699999999999989,5.899999999999636,0.20000000000000284,-0.39999999999997726,-1.2738999999999976,1.0,2.318062329971807,-0.7213414006150375,2.8551753466559235,-0.2038400053623691,1.4435080138284007,3.00237421759255,0.694918520014177,1.1150606190270602
2015-11-30,-1.3000000000000114,-0.7000000000000028,-0.06471861471861451,-0.9010000000000105,-9.5,-0.0999999999999659,0.11520000000000152,1.7000000000000455,0.7000000000000455,14.799999999999983,-0.058400000000020214,-0.30000000000001137,-1.5405000000000086,-4.258982683982694,0.5542999999999978,-13.399999999999991,0.0,-4.59649350649341,0.7429999999999666,-0.5568000000000097,0.7352000000000061,-0.37539999999998486,1.3999999999999773,0.3,0.04899999999997817,85.83000000000175,-19.700000000000728,86.0,0.07,0.09999999999999964,-8.199999999999989,-4.699999999999818,0.19999999999998863,0.3000000000000682,-0.5545000000000186,1.0,1.885716588699318,-0.8169158383567741,0.9864073232237213,-6.4177708027214075,4.440856983550692,1.1694549844283388,1.0162417876195178,1.5747925125493338
2015-12-31,-1.5999999999999943,0.09999999999999432,-0.24410351966873756,-4.432999999999993,-0.5,0.5999999999999659,-0.2570999999999941,-0.10000000000013642,0.5999999999999659,2.6000000000000227,-0.39859999999998763,0.0,0.7563000000000102,-1.8670939205721027,-2.318700000000007,1.3999999999999915,0.0,-2.9884556747600968,-14.972999999999956,3.1122000000000014,1.0822000000000003,3.243499999999983,0.20000000000001705,0.2,-0.539999999999992,-45.385000000005675,46.79999999999927,-38.0,0.19000000000000006,-0.1999999999999993,-11.200000000000017,-4.299999999999272,-0.9999999999999858,2.8999999999998636,2.1505000000000223,1.0,1.4868576118226104,5.514855018516802,9.303654523445285,25.18620534606208,4.615743389350057,3.586039394037677,6.814745635305054,-0.18945481834837305
2016-01-31,3.5,0.20000000000000284,-0.14908695652173864,0.025000000000034106,13.100000000000023,-0.19999999999998863,1.0679999999999978,-0.7999999999999545,2.2999999999999545,0.5,1.3974000000000046,0.0,-0.11960000000000548,-0.12546583850940607,2.0268999999999977,3.700000000000003,0.0999999999999659,-0.22300207039339526,4.182999999999964,-1.268999999999977,-2.2369999999999948,-1.193399999999997,0.30000000000001137,-0.4,0.32200000000000273,47.330000000003565,53.400000000001455,-37.0,-0.21000000000000013,0.0,2.0,6.099999999999454,-1.0000000000000142,26.100000000000136,-1.1314000000000135,1.0,1.5666207999022894,2.3235132611375193,2.052643357783847,2.5983494941261314,1.411582858899428,0.6659079549920598,1.4462309018729587,1.5602697751910841
2016-02-29,-1.0999999999999943,1.2000000000000028,0.038599999999999746,-1.288000000000011,-11.400000000000034,-0.8000000000000114,-1.0341000000000093,0.7000000000000455,-2.7999999999999545,-0.10000000000002274,-1.5907000000000124,-0.19999999999998863,-0.6294999999999931,4.180351966873712,-6.171199999999992,1.2999999999999972,0.0,9.313167701863392,5.188000000000017,-0.7533000000000243,2.794499999999992,-1.8336999999999932,-1.3000000000000114,0.7,-0.3789999999999907,-5.344999999999345,11.599999999998545,16.0,-0.05999999999999983,0.09999999999999964,-0.799999999999983,-3.0,1.0,-27.000000000000114,-1.7058999999999997,1.0,-2.7803492701065418,2.036817949833657,1.43267482788468,-4.059313384737374,12.982930353803457,-5.355984130613311,-6.563590664486782,2.4422997744336064
2016-03-31,3.5999999999999943,-0.7999999999999972,0.09749090909090918,1.808999999999969,11.400000000000034,0.5,0.9010000000000105,-0.7999999999999545,0.9000000000000341,-6.19999999999996,1.6756000000000029,0.0,-0.44720000000000937,8.78153209109739,5.229299999999995,12.0,0.0,3.4788819875777044,5.206999999999994,0.21420000000000528,-2.0878999999999976,2.2279000000000053,-0.6999999999999886,-0.3,0.7889999999999873,-37.159999999999854,12.800000000001091,-79.0,0.039999999999999925,0.09999999999999964,5.799999999999983,7.099999999999454,1.1000000000000085,-2.199999999999932,3.307000000000002,1.0,1.308355458155714,2.219006769758849,1.3406008552355566,2.13061685245084,1.7318622174553198,0.9726255097911525,1.0670651589448856,1.7627116030097536
2016-04-30,-2.0,-1.5,0.07838528138528122,1.3980000000000246,-14.500000000000057,1.0000000000000568,-0.8561000000000121,-0.3000000000000682,0.7999999999999545,19.599999999999966,-1.1174000000000035,-0.30000000000001137,-1.292900000000003,-4.236397515528086,0.24830000000000751,5.6000000000000085,3.900000000000034,-2.6977639751554037,3.3510000000000275,-1.1943999999999733,-0.2589000000000041,-2.6847000000000207,-1.3000000000000114,0.5,0.3689999999999998,18.07999999999811,-20.30000000000109,39.0,-0.010000000000000009,-0.09999999999999964,-6.899999999999977,1.6000000000003638,0.4000000000000057,0.7999999999999545,-1.7746999999999957,1.0,1.8455650862385489,-0.6768576921412982,3.1776023600956114,0.5921264337721662,-0.3069878300673584,1.5256895121823557,2.3266993997471768,-1.3971868875061815
2016-05-31,-4.200000000000003,1.5999999999999943,0.1480476190476192,-0.7590000000000146,-5.099999999999966,1.3999999999999204,-0.13269999999999982,1.2999999999999545,-0.8999999999999773,-11.799999999999983,-0.16789999999998884,0.0,0.3593000000000046,2.694107848673184,-0.10840000000000316,0.4999999999999858,0.19999999999998863,1.709228307924107,4.577999999999946,2.2673999999999523,-1.2228999999999957,3.3305000000000007,0.19999999999998863,0.3,-0.2400000000000091,0.8000000000010914,-12.199999999998909,36.0,0.019999999999999907,-0.20000000000000018,0.5,-10.099999999999454,0.0999999999999801,-0.5,1.0419999999999874,1.0,2.3307318022579304,0.028879430467542332,-8.44078779369388,-8.476947901535858,19.92190100600653,-8.202582368372752,-1.338799028978667,23.60777663536157
2016-06-30,5.0,-0.29999999999999716,0.08656709956709951,0.8930000000000291,23.5,-2.499999999999943,-1.0641999999999996,-1.5,1.5,4.299999999999983,-0.2803000000000111,0.0,-0.29640000000000555,-3.980324675324688,3.9490999999999943,-2.299999999999983,0.0,-3.539653679653803,0.5720000000000312,-0.9080999999999619,3.5975000000000037,-0.9971999999999639,-1.0,1.1,0.09900000000001796,-13.599999999998545,5.100000000000364,8.0,-0.039999999999999813,0.3000000000000007,4.699999999999989,2.2999999999992724,-0.6999999999999886,7.900000000000091,-3.1243999999999943,1.0,0.11015451850057824,-1.6083581061931067,2.0274044300383856,6.109804110620242,-2.0368068201388283,1.2967342524500596,4.795413970880512,-6.407346769834738
2016-07-31,1.4000000000000057,-1.0,-0.11744090909090898,-5.196000000000026,-9.399999999999977,-0.10000000000002274,-0.24969999999999004,1.3000000000000682,-2.2000000000000455,-16.599999999999994,-0.1898999999999944,0.0,-0.4309999999999974,-5.759458874458915,0.7790000000000035,-0.8000000000000114,-3.8000000000000114,-4.752683982683905,-9.930000000000007,-0.1751000000000147,-0.8971000000000089,-0.5736000000000274,1.6000000000000227,-0.1,-0.7370000000000232,-18.850000000002183,38.0,-9.0,0.08999999999999986,-0.20000000000000107,12.5,4.800000000001091,1.7000000000000028,-7.100000000000136,-0.3894999999999982,1.0,0.05520386076270326,-0.5033698233840624,-0.30595197459786283,2.7198433961477804,-0.8729551320433759,0.8693478123923579,0.37877002716967345,0.77820664930125
2016-08-31,-2.1000000000000085,1.9000000000000057,0.030784782608695327,4.367000000000019,-8.900000000000034,0.8999999999999773,-0.13850000000000762,0.20000000000004547,0.4000000000000341,19.50000000000003,0.19370000000000687,-1.1999999999999886,-0.5099999999999909,3.7139572746094203,-0.0007999999999981355,-15.0,0.0,4.480624882363905,-0.04899999999997817,-0.08559999999999945,-1.2441999999999922,1.1981999999999857,1.299999999999983,0.0,0.5170000000000243,44.31999999999971,14.899999999999636,20.0,0.040000000000000036,0.20000000000000107,-1.0999999999999943,2.3999999999987267,-2.4000000000000057,1.7000000000001592,2.6857000000000113,1.0,0.4873661673628194,-1.93814159533229,2.579824945125332,5.3018269175321295,4.707734108597861,-3.708279979689869,1.3528594244934706,-0.9736416986604843
2016-09-30,-7.3999999999999915,-0.30000000000001137,0.02342885375494097,-1.2550000000000523,-14.299999999999983,-1.9999999999999432,0.8242000000000047,-1.8000000000000682,0.5,-10.500000000000028,0.8590999999999838,0.0,-1.2719000000000023,0.5609166196122928,0.28949999999999676,12.0,-1.3999999999999773,-1.0291069075850032,2.436999999999955,-1.0126999999999953,1.4475999999999942,-3.1667999999999665,-1.6999999999999886,0.4,-0.011000000000024102,-26.1399999999976,40.29999999999927,76.0,-0.08999999999999997,-8.881784197001252e-16,-14.800000000000011,-10.099999999999454,1.0000000000000142,-2.0000000000001137,0.5704999999999814,1.0,1.4897494483817866,1.9422118849302852,-0.7396057275579355,-7.123389314048625,-1.5319257181046217,2.354718625283705,4.627231125062191,-3.6053186620163706
2016-10-31,3.200000000000003,7.700000000000003,0.13808874458874465,-2.3589999999999236,28.099999999999966,0.49999999999994316,0.08039999999999736,0.2999999999999545,0.30000000000001137,6.699999999999989,0.15860000000000696,0.0,1.4132000000000033,4.299823075475295,1.4881000000000029,6.90000000000002,-0.10000000000002274,3.4994560511951036,5.27800000000002,3.7342999999999904,-0.519999999999996,6.513699999999972,1.0999999999999943,0.4,0.10000000000002274,-0.26000000000203727,25.100000000000364,-2.0,-0.050000000000000044,-0.1999999999999993,1.4000000000000057,3.699999999999818,-0.4000000000000199,0.5,-0.17109999999998138,1.0,1.0677767941482412,2.2616213550530526,-3.2481065684230814,2.8909328437643103,-0.8211908890313263,-1.80350566872659,-7.161426327710184,-7.865144585809621
2016-11-30,1.2999999999999972,-7.799999999999997,-0.10136147186147237,4.422999999999945,-5.19999999999996,0.30000000000001137,0.4895000000000067,1.1000000000000227,-0.5,-6.19999999999996,-0.4636999999999887,0.5,-0.10500000000000398,-8.9800216450217,-1.046599999999998,-24.200000000000017,-0.0999999999999659,-6.840216450216502,-4.785999999999973,-2.03179999999999,2.3044999999999973,-3.7603999999999758,1.0999999999999943,-0.3,-0.22100000000000364,9.409999999999854,27.700000000000728,-35.0,0.020000000000000018,-0.10000000000000053,-5.699999999999989,-3.2999999999992724,-0.3999999999999915,-1.2999999999999545,-1.0372000000000128,1.0,0.7480410496981975,24.23701573873384,-2.6081996488732537,-0.2223327672295452,12.295975882454593,2.695710417032528,-0.3295672976872583,28.26498200582787
2016-12-31,3.8999999999999915,0.20000000000000284,0.13445670995671066,3.209000000000003,6.800000000000011,0.8000000000000114,0.5892999999999944,-2.2999999999999545,-0.8000000000000114,-3.900000000000034,1.3407999999999873,0.0,-0.16540000000000532,10.652510822510905,1.6182999999999979,37.79999999999998,0.0,10.926926406926405,5.198999999999984,-0.022700000000000387,-1.2988999999999962,0.42389999999997485,-2.5999999999999943,1.4,0.36700000000001864,-48.05499999999665,18.799999999999272,11.0,0.17000000000000004,0.20000000000000018,2.799999999999983,18.399999999999636,-0.5999999999999943,0.7999999999999545,3.2630000000000052,1.0,1.3574894972369593,1.9721831384113389,2.642885651421178,0.7342171963325098,2.2634567143670856,1.7382604715408945,2.227085615349983,2.9013490078032866
2017-01-31,0.6000000000000085,-5.299999999999997,0.02125238095238058,-0.9969999999999573,-9.100000000000023,0.30000000000001137,-0.19110000000000582,3.199999999999932,4.5,8.100000000000023,-3.2900999999999954,-0.39999999999997726,0.6884000000000015,-5.844545454545504,0.5330999999999975,-15.299999999999983,-0.10000000000002274,-6.80409090909081,-0.8580000000000325,1.243099999999984,0.3632999999999953,1.1148000000000025,0.5,0.9,0.28599999999997294,42.70999999999731,84.20000000000073,64.0,-0.13,0.0,3.3000000000000114,-2.100000000000364,-2.3000000000000114,24.200000000000045,-6.375000000000014,1.0,1.4756187085282073,4.31326675982904,-1.2328784856279027,1.047311317317194,-0.9965741070947567,-1.8531634992695358,-2.24018847327957,0.611632824331146
2017-02-28,-0.20000000000000284,5.299999999999983,0.03564736842105276,-0.5910000000000082,-1.0,-1.1000000000000227,-0.8750999999999891,1.5000000000001137,-1.900000000000034,-1.1000000000000227,1.5264999999999986,0.0999999999999659,1.491500000000002,0.2960454545453999,-0.7548999999999992,-16.5,-0.10000000000002274,-0.22559090909099666,-5.897999999999968,1.185600000000008,1.785500000000006,2.175200000000018,2.0,-0.3,-0.6940000000000168,3.4549999999981083,52.599999999998545,-74.0,-0.06000000000000005,-0.10000000000000053,-4.700000000000017,-21.100000000000364,3.4000000000000057,-25.100000000000023,2.8556000000000097,1.0,1.4624765932783084,0.6937424510340509,-1.4584899520578296,-0.6040348224740887,-1.3086567732150627,-2.0539573007338525,-3.176119578566673,1.0087212990527488
2017-03-31,-1.7000000000000028,-0.799999999999983,-0.10142562929061794,0.06799999999998363,-4.699999999999989,1.7000000000000455,0.8109999999999928,-1.7000000000000455,-0.8999999999999204,-8.5,0.7377000000000038,0.0,0.32859999999999445,-4.658671936758793,0.3702000000000041,-18.69999999999999,0.0,-4.126011857707496,-1.4539999999999793,-1.5168999999999926,-4.5767000000000095,-3.342199999999991,-2.0999999999999943,-0.2,-0.617999999999995,-4.239999999997963,69.60000000000036,39.0,0.14,-0.09999999999999876,-1.799999999999983,7.800000000001091,0.0,0.0,2.4055000000000035,1.0,1.7406697051289546,-4.479303681563085,-4.0552598887400455,-1.3510082319426169,-0.10959270067455293,-1.1031244555343511,-3.3005122995428717,-3.454471300956175
2017-04-30,2.5,3.0999999999999943,0.060899313501144414,-2.559000000000026,11.399999999999977,-1.900000000000034,0.7036999999999978,0.09999999999990905,-0.10000000000007958,16.600000000000023,-0.16210000000000946,0.10000000000002274,-0.3470999999999975,5.3999347826085895,0.2867999999999924,38.49999999999997,-4.899999999999977,4.6204782608695965,2.4759999999999422,-0.8466999999999985,3.40270000000001,0.21169999999997913,4.0,0.7,0.6440000000000339,-16.724999999998545,-7.899999999999636,-41.0,-0.05999999999999994,0.1999999999999993,-4.700000000000017,1.1999999999989086,0.9000000000000057,0.0,-2.1122999999999905,1.0,0.4697630192069478,-7.628334731220055,-2.4159111234064614,-3.185527901809716,5.564470873934261,2.912548732188069,9.993477901210444,4.059896089547397
2017-05-31,-3.299999999999997,-2.799999999999997,-0.09614832535885198,-4.8139999999999645,-15.600000000000023,0.5,1.0878000000000014,-0.8999999999998636,-1.599999999999966,-5.400000000000006,1.1258000000000123,-0.10000000000002274,0.7378999999999962,-4.191652173912992,-2.131999999999991,-20.899999999999977,0.0,-3.287869565217399,-5.015999999999963,1.6030999999999835,-0.07770000000000721,1.8308999999999855,-1.5,-0.5,-0.4690000000000225,13.809999999997672,60.70000000000073,-44.0,-0.030000000000000027,0.0,9.100000000000023,-5.699999999998909,-0.7000000000000028,3.0,2.207299999999975,1.0,-0.327472959493323,-2.5592521724301167,-2.7792245180449946,-2.8366098246907683,0.8393826747036509,-0.20211926091829768,-3.7708373558239012,3.527136792313083
2017-06-30,4.099999999999994,-0.20000000000000284,-0.11522727272727251,1.9149999999999636,19.60000000000008,-0.9000000000000341,0.4642000000000053,0.6999999999999318,1.3000000000000114,4.199999999999989,-0.9486000000000132,0.0,0.30120000000000857,-0.7834031620553077,1.2976999999999919,3.0,0.0,-1.783693675889296,2.5749999999999886,-0.49819999999996867,0.4813000000000045,-1.5536999999999637,0.29999999999998295,0.5,0.3850000000000193,-36.794999999998254,-12.200000000000728,116.0,0.08999999999999986,-0.10000000000000053,2.5,2.2999999999992724,-1.4210854715202004e-14,4.5,-2.422099999999986,1.0,1.5959627018076181,0.6298025349381976,-2.9244590639269052,-2.1090523853394276,0.5226071206214955,-0.45874098838940686,-2.9764886042013265,2.779297680459875
2017-07-31,-2.299999999999997,-9.200000000000003,0.1272177033492825,2.316000000000031,-16.500000000000057,0.4000000000000341,0.7372000000000014,0.5,-1.400000000000034,-13.799999999999983,0.44120000000000914,-0.2999999999999545,0.3632999999999953,4.8979201957462095,-3.547699999999992,3.5999999999999943,0.6999999999999886,5.7717786561263935,-1.936999999999955,0.19559999999998468,-2.736700000000006,1.22199999999998,0.0,0.1,-0.10400000000001342,25.49999999999818,39.899999999999636,-62.0,-0.04999999999999982,0.10000000000000053,23.5,5.300000000000182,0.700000000000017,-6.0,-0.07239999999998759,1.0,2.432655526502232,4.215628649997451,1.1423839657721775,15.108273301175403,5.021884708307646,-1.1174231950028441,-4.954650668501611,0.9637945185437644
2017-08-31,-2.5,9.799999999999997,0.13843249427917592,-2.6690000000000396,-1.0,1.6000000000000227,-2.5696999999999974,-2.5,1.2000000000000455,5.499999999999972,-0.9335000000000093,0.0,-0.9077999999999946,-0.148152644456907,-1.4448000000000008,4.199999999999989,0.0,0.8841106719368028,12.424999999999955,-1.6801000000000101,0.2991000000000099,-2.2226,0.5000000000000284,0.2,0.8269999999999982,4.9950000000008,25.80000000000109,60.0,-0.030000000000000027,0.10000000000000053,-0.4000000000000057,-6.800000000000182,-0.6000000000000085,-2.0,1.8344999999999771,1.0,-13.113547311202934,-0.38766997871948355,-48.61290860070066,-25.349631055053774,-4.566452205061605,-7.834960611224233,-44.59836939996665,-90.60219140908437
2017-09-30,-2.299999999999997,-0.3999999999999915,0.22900434782608725,1.9320000000000732,0.9000000000000341,-0.9000000000000341,-2.205600000000004,1.3999999999999773,-0.5,1.5000000000000284,1.1225000000000165,-0.10000000000002274,1.0751999999999953,0.31652173913040116,0.7646999999999906,0.5000000000000284,0.0,1.113726708074509,1.0600000000000023,2.9214000000000055,1.8190999999999917,3.7091000000000065,1.9999999999999716,2.2,0.16499999999999204,-23.734999999998763,35.899999999999636,-54.0,-0.030000000000000027,-0.3000000000000007,-15.5,-1.7999999999992724,-0.19999999999998863,-5.600000000000023,-1.1276999999999902,1.0,-3.932190115023817,3.5852758254061876,4.243736122353014,1.2986216896214704,4.224829617060759,2.897725668888535,4.003347230734723,-2.150731848178892
2017-10-31,4.700000000000003,9.799999999999997,-0.13088181818181877,2.31899999999996,18.199999999999932,1.400000000000034,5.228099999999998,4.600000000000023,2.499999999999943,-2.842170943040401e-14,0.07729999999997972,0.8999999999999773,1.1454999999999984,0.18390363259929643,0.1525000000000034,-1.0000000000000284,0.0,-1.3384217955956146,-8.248999999999967,0.2383999999999844,-1.3007999999999953,-0.6887000000000114,-3.0999999999999943,0.3,-1.0159999999999911,21.224999999998545,46.29999999999927,88.0,0.010000000000000009,0.09999999999999964,4.699999999999989,-6.800000000001091,-1.4210854715202004e-14,19.200000000000045,1.559899999999999,1.0,1.8512504386788275,1.814251890198554,1.9362605239267339,-0.9678413053051025,2.2528660797633893,1.2348978563347466,-0.37365501438510207,2.744440184034632
2017-11-30,1.2000000000000028,-9.299999999999997,0.10100000000000042,-1.4910000000000423,-8.999999999999943,-1.7000000000000455,0.5254999999999939,-7.0,-1.599999999999966,0.20000000000001705,-1.45089999999999,-0.0999999999999659,1.3166000000000082,3.287554112554105,0.098700000000008,5.700000000000017,0.0,2.5028571428570103,9.45399999999995,0.3905000000000314,-0.4381000000000057,1.2191000000000258,0.700000000000017,0.7,0.6380000000000052,-30.950000000000728,42.30000000000109,-35.0,0.050000000000000044,0.20000000000000107,-3.6999999999999886,2.100000000000364,-0.5,-14.200000000000045,-2.491199999999992,1.0,0.2634666197586033,1.3458861554321324,3.052655242617286,-3.6469835051342883,3.4935386465775244,-0.49072004944906383,-1.9989820727316454,-3.496834951466112
2017-12-31,-4.5,-0.10000000000000853,0.05668181818181828,0.9720000000000368,-15.100000000000023,-1.6999999999999886,-0.08329999999999416,5.399999999999977,0.30000000000001137,-0.5999999999999943,1.448900000000009,0.0,0.1488999999999976,-3.893982683982692,1.915399999999991,-3.0,-1.8999999999999773,-3.3212770562769194,-9.36099999999999,-1.570100000000025,1.163800000000009,-2.597500000000025,-0.9000000000000057,0.5,-0.24899999999999523,13.875000000001819,62.5,1.0,0.15999999999999992,-0.20000000000000107,8.0,5.0000000000009095,0.9000000000000057,1.0,4.232099999999988,1.0,0.4330666978757795,1.2675757506460816,0.813820585564517,1.1347568139314637,2.476001177596565,0.9001646106131671,1.2400221232948232,4.0904425160253375
2018-01-31,-0.10000000000000853,2.1000000000000085,0.13783333333333303,-0.5539999999999736,11.000000000000057,0.7000000000000455,-1.2918999999999983,-4.399999999999977,0.8999999999999773,1.0,-1.2048000000000059,1.599999999999966,-1.4144000000000005,4.342649162431691,0.7460999999999984,1.299999999999983,0.8999999999999773,3.13816676077532,13.918000000000006,-2.2053999999999974,-0.28890000000000526,-1.4017000000000053,3.0,0.2,0.45499999999995566,-20.215000000000146,140.09999999999854,69.0,-0.13000000000000012,0.10000000000000053,-12.0,2.3999999999987267,0.4000000000000057,18.0,-4.7575999999999965,1.0,0.9200729359229598,0.7423519201892248,2.192490847457049,1.9195700201363064,1.3563502199539934,1.2296760661435637,3.262122843719829,0.8285408217598782
2018-02-28,2.200000000000003,-1.7000000000000028,-0.10513333333333352,0.4679999999999609,6.89999999999992,1.8999999999999204,0.6431999999999931,-1.5,-0.5,5.099999999999994,0.8699999999999903,-0.0999999999999659,0.8246999999999929,-7.001532091097204,0.7668000000000035,-5.399999999999977,0.0,-8.339138716356004,-20.986999999999966,3.3889000000000067,-0.2915000000000063,3.5490000000000066,-1.8000000000000114,0.1,-0.30999999999994543,15.829999999998108,36.5,-45.0,0.060000000000000275,0.0,-2.0999999999999943,14.600000000000364,-0.20000000000000284,-18.299999999999955,1.0020000000000095,1.0,1.8499539783021501,1.493481951600031,2.935682214266312,2.617472093821507,2.648193620712669,3.946570268409128,3.657287690125072,2.600813794194663
2018-03-31,4.5,-0.5999999999999943,0.003847619047619766,1.6510000000000105,5.600000000000023,-2.8999999999999204,0.6006,-0.8999999999999773,0.5000000000000568,-4.399999999999977,-1.6577999999999946,0.19999999999998863,-0.01630000000000109,2.118320158102705,-0.27829999999998734,-18.200000000000017,0.0,4.587976284584897,3.6909999999999172,-1.1599999999999966,-0.7599999999999909,-1.1600999999999715,2.3000000000000114,-0.2,-0.7210000000000321,21.760000000002037,53.0,67.0,0.1499999999999999,-0.09999999999999964,-2.0,-20.799999999999272,-0.4000000000000057,0.5,1.0142999999999915,1.0,20.68839245778688,-3.1655791681437284,16.49854890855503,38.4962733164332,-17.308676938195276,15.102660267066096,12.858047887986936,-20.645753439259803
2018-04-30,0.29999999999999716,-1.7000000000000028,0.16242857142857092,-4.545999999999992,-10.399999999999977,1.9999999999999432,0.7653000000000105,6.099999999999909,-2.400000000000091,-5.400000000000034,1.4627000000000123,0.0,-0.1425999999999874,2.747748917749014,-0.1623000000000161,24.099999999999994,-3.0,4.158709956709998,4.653000000000077,-0.13249999999999318,3.853999999999999,-0.24000000000003752,-1.9000000000000057,0.6,0.606000000000023,-16.895000000002256,15.400000000001455,-30.0,-0.17999999999999994,0.09999999999999964,-3.1000000000000227,6.799999999999272,0.10000000000000853,-2.300000000000068,-0.1338000000000079,1.0,1.01245635647513,0.7100952679375423,-4.275954812872292,0.5543106736272159,-5.439334527263822,-2.304847801161901,-2.4060983354623833,2.6412328734379775
2018-05-31,-2.799999999999997,1.8999999999999915,0.13939337474120084,-0.6700000000000159,-9.0,-2.1999999999999886,0.501899999999992,-1.7999999999998408,1.7000000000000455,4.600000000000023,-0.4449000000000183,0.0,-0.40030000000000143,0.1130199510633716,0.39570000000000505,3.0000000000000284,-3.3000000000000114,-0.1628270280444042,-2.6100000000000136,-0.3508000000000209,-3.5438000000000045,-1.4225999999999885,0.09999999999999432,1.1,0.13899999999998158,22.06500000000233,27.599999999998545,-55.0,-0.16000000000000014,-0.20000000000000018,3.6000000000000227,10.400000000000546,-0.5000000000000142,3.400000000000091,0.931900000000013,1.0,0.6359461639752576,3.0101372783978175,4.724428334743769,3.6629217723846725,6.0802043175391915,2.503454721133087,2.9209878184249294,-1.9282264657858774
2018-06-30,3.0999999999999943,-0.3999999999999915,-0.065393374741201,2.5720000000000596,16.099999999999966,1.3000000000000114,0.4158000000000044,-1.1368683772161603e-13,-0.5999999999999659,-1.6000000000000227,0.1273000000000053,-0.19999999999998863,1.3637999999999977,-5.94188405797108,-0.6705000000000041,-12.900000000000034,0.0,-6.47486542443059,5.478999999999985,2.7694000000000187,1.3984000000000023,5.022800000000018,0.19999999999998863,-0.1,-0.14699999999999136,-0.46999999999934516,43.0,-15.0,0.06999999999999984,0.40000000000000036,5.599999999999994,-4.400000000000546,-0.6999999999999886,1.5,-2.4575000000000102,1.0,0.7078193677403075,1.3250774565180017,-0.5744593897702802,2.1037925171678307,-0.7442700166578319,0.23996229947711567,-2.7996108910378856,0.152737627043874
2018-07-31,-0.5,-0.8000000000000114,0.008190476190476303,4.109999999999957,-9.699999999999932,0.20000000000004547,0.7984000000000009,-1.6000000000000227,-0.5000000000000568,-0.8000000000000114,0.7965000000000089,0.0999999999999659,0.6403999999999996,5.838258046301576,-4.001999999999995,12.400000000000034,12.300000000000011,0.7018266516092098,-5.649000000000001,-1.0945000000000107,-1.150500000000001,-2.3354000000000212,-0.5999999999999659,0.5,-0.22999999999998977,-24.405000000004293,44.0,10.0,-0.04999999999999982,-0.40000000000000036,30.0,-10.300000000000182,0.7999999999999972,2.8999999999998636,1.3090000000000117,1.0,-0.22645814804444492,-1.2486710790890942,2.8846369137809225,2.654987165246845,-2.543664502070093,0.39880740693858435,-1.3422724729157822,-0.41361919397916835
2018-08-31,-2.6999999999999886,1.5000000000000142,0.02033333333333376,-1.024000000000001,-6.000000000000057,-0.3000000000000682,-0.004400000000003956,3.7000000000000455,0.6000000000000227,-0.0999999999999659,-1.11160000000001,1.1000000000000227,1.6440999999999946,-6.471174477696167,2.4492000000000047,-17.50000000000003,0.0,-0.5553303218520966,5.0160000000000196,1.5980000000000132,0.38180000000000547,1.9843999999999937,-0.20000000000001705,-0.4,0.11699999999999022,1.61000000000422,56.400000000001455,-49.0,0.040000000000000036,0.20000000000000018,-8.5,5.700000000000728,-0.09999999999999432,-8.699999999999818,0.7782999999999873,1.0,1.4977985300075982,1.4340507516790157,-1.1202259996903463,0.8525161545107807,2.879005515914374,-1.3014672215360898,-1.285894120208372,3.638075394469362
2018-09-30,-0.4000000000000057,-0.7000000000000028,0.07031578947368411,-1.5970000000000368,6.399999999999977,0.30000000000001137,-0.6427000000000049,-3.2999999999999545,-1.599999999999966,2.3000000000000114,-0.07189999999999941,0.5,0.10620000000000118,5.199472332015787,-0.5187000000000097,14.900000000000006,5.800000000000011,7.040335968379466,-5.456000000000017,-2.4571000000000254,0.30999999999999517,-3.440499999999986,-0.5999999999999943,0.3,-0.06700000000000728,-6.155000000000655,-6.400000000001455,21.0,0.03000000000000025,-0.09999999999999964,-23.5,3.2999999999992724,-0.10000000000000853,4.299999999999841,-0.6515999999999877,1.0,0.6537174155549602,1.1855180925115183,0.23883059893019395,-1.599566753452752,-0.868208801491299,1.477901711310873,-2.931349293353751,2.9394114570408205
2018-10-31,4.099999999999994,1.3999999999999915,0.06051029748283643,-0.4849999999999568,12.300000000000068,-1.2999999999999545,0.35710000000000264,1.4999999999998863,1.4999999999999432,-0.6000000000000227,0.6861000000000104,0.0,-0.7172999999999945,-1.6310000000000144,0.915300000000002,-4.299999999999983,0.19999999999998863,-4.120869565217376,6.189999999999998,-1.382899999999978,0.20629999999999882,-1.190100000000001,1.0999999999999943,1.2,0.160000000000025,-20.320000000001528,27.80000000000109,-7.0,0.07999999999999963,0.1999999999999993,3.1999999999999886,9.094947017729282e-13,0.29999999999999716,0.900000000000091,0.7437999999999931,1.0,2.604703455313177,1.1649924243466125,0.43229717664796874,0.7601026431546413,2.3510563029046394,0.33640357689338746,1.0595478775000264,2.166437245087735
2018-11-30,2.6000000000000085,-1.3999999999999915,-0.2958260869565208,-2.2200000000000273,-4.600000000000023,0.3999999999999204,0.9720000000000084,3.1000000000001364,-0.2999999999999545,-5.900000000000034,0.39229999999999166,0.0,0.09470000000000312,-14.749381422924884,0.6111999999999966,-22.900000000000006,0.0,-16.907233201581008,-12.84899999999999,1.2539999999999907,-1.971899999999998,2.0523000000000025,0.5,0.1,-0.6310000000000286,-15.334999999999127,19.799999999999272,53.0,0.06000000000000005,-0.1999999999999993,1.5999999999999943,0.6999999999989086,-0.29999999999999716,-0.6000000000000227,-1.0456999999999965,1.0,-0.2915551307355701,0.25532912208773856,4.247308996954305,1.928473094925917,6.1099550171529255,1.2089899468561,7.275540581562479,-1.5926506779731646
2018-12-31,-1.5,0.7000000000000028,-0.24105555555555558,0.5800000000000409,-10.500000000000057,3.1000000000000796,-0.052599999999998204,-5.900000000000091,-1.2000000000000455,3.2000000000000455,-1.1278000000000077,-0.10000000000002274,0.7368999999999915,6.251087897609601,-1.2142999999999944,28.399999999999977,0.0,6.586971579145398,-14.151999999999987,0.9972999999999956,0.30239999999999867,0.7132000000000005,-0.9000000000000057,-2.2,0.10599999999999454,112.31999999999971,139.10000000000036,5.0,-0.06000000000000005,0.2999999999999994,-1.5999999999999943,-9.99999999999909,-0.19999999999998863,2.8999999999999773,0.7117999999999967,1.0,1.3386053569946117,1.7689961820314282,1.574949374583536,1.3517624771704417,1.8283464796903404,1.1804571945945144,3.0687305888426173,1.1767027144919728
2019-01-31,1.3999999999999915,-0.700000000000017,0.0816919191919192,1.17999999999995,7.10000000000008,-1.3000000000000682,-0.7550000000000097,2.1000000000000227,1.8000000000000114,8.099999999999966,-0.15059999999998297,0.4000000000000341,-0.6589999999999918,10.654642386598894,-0.0759999999999934,-27.99999999999997,0.10000000000002274,11.518626011669596,15.008999999999958,-2.322900000000004,3.6810000000000045,-4.206999999999994,1.4000000000000057,1.2,-0.09399999999996567,-24.104999999997744,9.100000000000364,-23.0,-0.22999999999999998,-0.09999999999999964,-11.699999999999989,-0.2000000000007276,0.9999999999999858,8.300000000000068,-1.9855000000000018,1.0,1.738496489480113,1.8729229119657125,1.9691068017510172,5.054988181179823,3.688531462037441,-0.5229990313806815,4.112671433805755,-1.8926095239187413
2019-02-28,-3.5,0.6000000000000227,0.1209136363636365,0.7860000000000582,-13.900000000000034,1.8000000000000682,0.18189999999999884,6.100000000000023,-1.5,-10.299999999999955,1.112499999999983,2.8000000000000114,-2.47290000000001,0.9064554865425052,-1.0433000000000021,11.299999999999983,0.5999999999999659,2.0525921325051115,11.30800000000005,-3.059599999999989,-2.9562000000000097,-3.911200000000008,0.19999999999998863,-0.1,0.733999999999952,-57.210000000004584,65.39999999999964,-29.0,4.440892098500626e-16,-0.30000000000000027,6.099999999999994,8.900000000000546,0.10000000000000853,-11.200000000000045,0.47050000000000125,1.0,0.34882421464863583,0.7649228099126393,0.34484602949619597,1.3494629704455212,0.5672555098924532,1.19841577610795,0.8922348681647352,1.2592629025633761
2019-03-31,1.9000000000000057,-1.1000000000000227,-0.012883333333333802,0.03499999999996817,16.19999999999999,-4.000000000000057,-0.24169999999999447,-10.600000000000023,0.20000000000004547,1.299999999999983,-0.028399999999990655,0.0,-0.34259999999999025,-0.4607991718427087,1.3016999999999825,7.800000000000011,-3.099999999999966,-2.5844389233954104,-2.0130000000000337,3.4450000000000216,-0.191599999999994,6.818999999999988,-0.8999999999999773,1.6,0.2830000000000439,11.075000000006185,32.70000000000073,1.0,0.08999999999999941,0.20000000000000018,5.900000000000006,-0.1000000000003638,-0.7000000000000028,-1.3000000000000682,2.8334000000000117,1.0,0.5175681839244118,-4.256313192230292,-0.34870036520454456,2.3030661523210822,-0.9549772488768624,2.4295851842843295,-1.7121905276353007,-4.034649402941842
2019-04-30,2.0999999999999943,2.8000000000000114,0.07565151515151558,0.2510000000000332,0.5,0.7000000000000455,-0.8841000000000037,4.399999999999977,0.0999999999999659,8.5,-2.407499999999999,0.0,1.401699999999991,2.554290043290102,-1.2333999999999747,1.0,0.0,2.508913419913412,-2.166999999999973,2.869399999999956,-0.6183999999999941,3.7265000000000157,1.8999999999999773,0.3,-0.06600000000003092,14.39999999999418,-6.700000000000728,2.0,4.440892098500626e-16,-0.19999999999999973,0.799999999999983,-5.299999999999272,1.0,0.3000000000000682,-3.80510000000001,1.0,-2.5953139337235362,3.1265565921447744,1.0751918964692764,0.5148288022249914,0.24388262240325578,0.1980942483963496,1.0954419829768312,2.462421642413375
2019-05-31,-1.0999999999999943,-2.1999999999999886,-0.0055355731225301685,2.4069999999999254,-10.0,0.19999999999998863,-0.6092000000000013,-0.7999999999999545,-1.1999999999999886,-4.700000000000017,0.4258999999999986,0.0,-0.5611999999999995,-8.864530397139099,-2.1076000000000192,-7.5,0.0,-5.456162243553607,-0.22900000000004184,-3.382899999999978,1.7453999999999894,-5.268900000000002,-0.4999999999999716,0.4,-0.6239999999999668,31.150000000001455,12.399999999999636,9.0,-0.020000000000000462,0.19999999999999973,-9.5,-1.7000000000007276,-1.0,-1.2999999999999545,1.0689999999999884,1.0,4.75234856951401,5.112615118585741,4.696781265345792,1.6521438500771684,5.9720744579853955,3.00219744629336,7.770756890591948,1.7179583654236958
2019-06-30,2.4000000000000057,-1.4210854715202004e-14,-0.15493260869565195,-2.0529999999999404,10.500000000000057,3.3999999999999773,-0.352099999999993,0.1999999999999318,1.4999999999999432,-2.3000000000000114,1.9652999999999992,0.19999999999998863,0.39620000000000744,-2.914047430830095,3.4477000000000118,-6.900000000000006,0.30000000000001137,-6.560225296442596,-5.550999999999988,1.636400000000009,-1.8333999999999904,1.3050999999999817,0.0999999999999659,0.3,0.01099999999999568,35.725000000000364,33.100000000000364,-67.0,-0.10999999999999988,0.10000000000000009,4.600000000000023,0.3000000000001819,0.20000000000000284,0.0,0.9849000000000103,1.0,60.65486579326156,-11.386073560453486,-4.863244168910014,1.6478820324174954,-2.307168845454963,0.43206369345953993,-4.777767209062638,-0.00017706000934347162
2019-07-31,0.8999999999999915,4.700000000000003,0.09649782608695712,0.7419999999999618,-3.500000000000057,-1.3000000000000114,0.4040999999999997,0.7000000000000455,0.10000000000007958,12.400000000000034,1.6049000000000007,0.0,-2.6329000000000065,8.888173913043495,-2.781000000000006,16.69999999999999,11.099999999999966,7.934521739130389,4.319000000000017,-5.313299999999998,-0.6403000000000034,-6.4243999999999915,-1.4999999999999716,0.8,0.4499999999999602,-31.459999999999127,-12.5,85.0,0.0600000000000005,-0.10000000000000009,23.19999999999999,12.699999999999818,0.8999999999999915,4.199999999999932,1.0254000000000048,1.0,0.38375368822602096,0.6804208434909007,-0.04967586837650601,0.4576650035558929,3.1177896694788085,0.44875586886473506,1.7946973342719676,1.8195603854573728
2019-08-31,-3.8999999999999915,-4.200000000000003,-0.11302964426877526,0.14500000000003865,-13.699999999999989,-3.999999999999943,1.4200000000000017,-1.6000000000000227,-1.900000000000034,-18.399999999999977,-1.5805000000000007,0.0,2.406800000000004,-5.501300395256898,0.6336000000000013,-7.8999999999999915,0.10000000000002274,-5.456727272727292,-1.5790000000000077,8.819699999999983,1.3436999999999983,12.175600000000003,2.0999999999999943,0.6,-0.4779999999999234,-16.204999999999927,73.20000000000073,108.0,-0.08000000000000052,0.0,-2.5,-8.199999999999818,-1.0999999999999943,-3.5,-0.709699999999998,1.0,0.8283030138340698,1.7465092693250048,3.9901735217683445,1.7809777989459104,2.1955264162921018,2.123582435802304,4.107613684715949,2.1846403354197474
2019-09-30,-4.0,-0.5999999999999943,0.0738246753246754,-0.8740000000000236,-0.6000000000000227,2.499999999999943,-0.6311000000000035,3.0000000000001137,0.8000000000000114,9.599999999999966,-2.1621999999999986,0.0,0.4789999999999992,4.687656691134997,-2.0557000000000016,8.599999999999994,0.0,7.835454545454596,-0.5670000000000073,-3.360600000000005,0.11149999999999949,-6.492599999999982,-0.4000000000000057,-0.6,0.0919999999999277,18.3799999999992,45.29999999999927,-34.0,0.1299999999999999,-0.20000000000000018,-16.0,-5.399999999999636,-0.29999999999999716,0.20000000000004547,-1.8048000000000144,1.0,1.4290702841860312,0.8101511041480737,1.5270338615204937,1.2125099711849427,2.787987966750654,0.9678832315864924,1.8780162866828907,1.3166758756142385
2019-10-31,5.0,-1.7000000000000028,-0.013012422360248577,-1.8290000000000077,24.700000000000045,3.400000000000034,-0.19480000000000075,-2.400000000000091,1.7999999999999545,-3.1000000000000227,1.1561999999999983,-2.3000000000000114,0.3719999999999999,-4.896064370412297,0.48049999999999926,-9.499999999999986,0.0,-6.042727272727298,5.206999999999994,-0.1625999999999692,-0.428600000000003,1.0875999999999806,-0.5,0.4,0.33700000000004593,38.095000000001164,-22.600000000000364,70.0,-0.11999999999999966,0.30000000000000027,2.4000000000000057,7.899999999999636,0.20000000000000284,-3.2000000000000455,1.724000000000018,1.0,9.44651883693389,26.387958077798075,95.55397768274376,42.98813234797874,-115.20528582204298,51.36101183272344,89.83279024877311,27.155968464218738
2019-11-30,-2.8000000000000114,2.5999999999999943,-0.036844720496894245,0.34700000000003683,-21.400000000000034,-3.900000000000034,-0.3627999999999929,1.8999999999999773,-1.6999999999999318,3.7000000000000455,0.2704999999999984,0.0,-1.062899999999999,6.009358178053908,0.8947000000000003,19.69999999999999,0.0,6.334285714285713,-0.79099999999994,-2.5511000000000195,-0.09179999999999211,-2.6448000000000036,-1.4000000000000057,0.3,-0.04100000000005366,-28.660000000001673,52.70000000000073,13.0,0.040000000000000036,-0.20000000000000018,-13.200000000000017,-5.200000000000728,0.29999999999998295,3.300000000000068,-1.7756000000000114,1.0,0.9281531002360296,1.8120312598863808,0.7072516839890676,-0.1576749264218564,1.4655728793726268,0.59914428928083,1.3127975666615779,1.272571860090728
2019-12-31,9.200000000000003,-0.29999999999999716,0.0650952380952381,-0.8850000000000477,33.80000000000001,1.1000000000000227,-0.24920000000000186,-2.2000000000000455,-1.1000000000000796,-3.2000000000000455,-0.6876999999999924,0.0,0.3064999999999998,-0.3840946734425188,2.066500000000005,-14.399999999999977,0.0,-0.26402597402591965,2.196999999999946,2.4857999999999834,0.843199999999996,2.3205000000000098,1.9000000000000057,-0.1,0.025000000000034106,-36.01499999999942,-17.399999999999636,-54.0,0.09999999999999987,0.10000000000000009,1.3000000000000114,1.2000000000007276,-0.19999999999998863,1.7999999999999545,2.007099999999994,1.0,-0.7510502500106954,0.2635394607380079,2.523859856572349,1.0718992942631491,-2.398710166283002,-0.3549856887451566,3.5959204198448216,-1.1916953531652759
2020-01-31,-6.200000000000003,0.9000000000000057,-0.11216356107660475,3.3220000000000027,-43.0,-0.0999999999999659,0.18029999999998836,-4.099999999999909,3.2000000000000455,-6.2999999999999545,0.8241999999999905,-1.1999999999999886,0.5327999999999946,-4.890195746282679,0.40559999999999263,-8.700000000000017,0.0999999999999659,-5.362631281761793,-8.416999999999973,-0.04709999999997194,-1.2028999999999996,1.0836000000000183,-4.0,0.6,-0.2440000000000282,46.455000000001746,68.09999999999854,130.0,-0.10000000000000009,0.10000000000000009,9.400000000000006,4.400000000000546,0.20000000000000284,12.0,-2.0925999999999902,1.0,-0.5263046072787135,-0.6536419566829206,1.7731106881297443,0.8829256917004927,-1.910004280918701,-0.7351562270519163,-0.5999733571099918,-0.1375506897160318
2020-02-29,-2.799999999999997,-2.0,-0.2631647597254003,-2.575999999999965,9.300000000000011,0.7999999999999545,-1.1620999999999952,6.399999999999977,-1.6999999999999886,6.399999999999977,-0.8065999999999889,0.0999999999999659,-1.2347000000000037,-4.9703379446641165,-0.29129999999999256,-11.600000000000009,0.0,-6.346302371541498,-11.946000000000026,-3.0555000000000234,2.0645999999999987,-3.0140000000000384,3.0999999999999943,-0.5,-0.14599999999995816,-22.665000000000873,66.60000000000036,-98.0,0.050000000000000266,-0.20000000000000018,4.400000000000006,2.6999999999989086,0.09999999999999432,-13.0,-0.3704999999999927,1.0,-73.59991671198881,-56.572489678574954,-235.57791026872312,-53.71144492384746,-214.53963005586462,-220.49194110598097,-242.03834392122764,-82.2203997175897
