date,exportPriceIndPharma_OTHERS,allEmployeesFinanceInsurance_OTHERS,consumerSentiment_ECON,realDisposableInc_ECON,moneyStockM2_ECON,consumerOpinionSurvey_ECON,permit_ECON,consumerPriceIndex_ECON,advanceRetailSales_ECON,unemploymentRate_ECON,interbankRates90day_ECON,pPIOilGasExtraction_OIL,pPIDrillingOilGas_OIL,globalWTICrude_OIL,cPIFuelOil_OIL,globalBrentCrude_OIL,industrialProdDrilling_OIL,pPIOilGasMachinery_OIL,capUtilizationOilGasExtraction_OIL,pPIPipelineTransCrudeOil_OIL,employeesOilGasExtraction_OIL,industrialProdCrudeOil_OIL,industrialProdOilGasExtraction_OIL,industrialProdMachinery_OIL,industrialProdChem_CHEM,pPIPaintMaterialsChem_CHEM,valueManufacturersShipmentsChem_CHEM,industrialProductionChemProd_CHEM,allEmployeesChemicals_CHEM,pPIChemicalManufac_CHEM,ratioManufacturersInvtoShipChem_CHEM,pPFlightBookings_AIR,pPCarRental_AIR,pPScheduledPassenger_AIR,cPIAirlineFares_AIR,airTransportation_AIR,pPAirlinePassengerServices_AIR,market_TARGET_RELATIVE,specialty_TARGET_RELATIVE,non-specialty_TARGET_RELATIVE,upstream_TARGET_RELATIVE,midstream_TARGET_RELATIVE,downstream_TARGET_RELATIVE,integrated_TARGET_RELATIVE,services_TARGET_RELATIVE,legacy_TARGET_RELATIVE
2010-03-31,-0.5,-5.600000000000364,0.0,40.100000000000364,-47.22500000000218,-0.056822639870404146,37.0,0.2790000000000248,7758.0,0.09999999999999964,0.05000000000000002,-6.400000000000006,-4.100000000000023,4.9514347826087,-1.257000000000005,4.962782608695591,-0.519500000000022,-1.700000000000017,-0.3517999999999972,-0.799999999999983,0.39999999999997726,-2.1433999999999997,-1.2852999999999923,3.8045999999999935,0.6240999999999985,1.8000000000000114,-235.0,3.7565999999999917,0.3999999999998636,-1.900000000000034,0.0,-3.299999999999997,-10.899999999999977,7.799999999999983,2.822999999999979,-3.3000000000000114,2.8999999999999915,1.0,1.3452430479039728,1.1401704094844287,0.8203004419794874,1.8295688921464726,2.5310813660200284,0.570824491412134,0.11667762008511934,2.9297171271931375
2010-04-30,0.7999999999999972,8.300000000000182,-1.3999999999999915,59.100000000000364,22.975000000002183,-0.016918702152992182,-50.0,-0.02199999999999136,-5406.0,-0.09999999999999964,0.02999999999999997,-10.900000000000006,-0.1999999999999318,3.2450197628458994,2.0529999999999973,5.653853754940826,-1.3608999999999867,1.900000000000034,-0.7287000000000035,8.399999999999977,0.6000000000000227,-0.9501999999999953,-0.33740000000000236,-2.2501999999999995,0.41339999999999577,-1.5,479.0,-0.7179000000000144,2.6000000000001364,1.4000000000000057,-0.020000000000000018,0.0,-11.800000000000011,-1.8000000000000114,1.8820000000000618,0.6000000000000227,-0.5,1.0,1.5375393832548632,-1.3097517743338878,1.564224976470449,1.1854644395407723,0.018340910706456208,1.1342897191864496,1.4184369727628143,1.0898401868198937
2010-05-31,-1.5999999999999943,0.6000000000003638,1.3999999999999915,-2.599999999998545,32.029999999998836,0.018702291176893482,-62.0,-0.16300000000001091,-5599.0,-0.3000000000000007,0.08000000000000004,-13.199999999999989,0.09999999999990905,-10.754025974025993,-5.4739999999999895,-8.677683982684002,-2.9124999999999943,-0.6000000000000227,0.08509999999999707,0.5,0.19999999999998863,1.3126999999999924,0.7355000000000018,-1.3318999999999903,0.6090000000000089,-0.5,-2276.0,-0.8797999999999746,2.3999999999999773,-2.799999999999983,0.040000000000000036,0.0,-22.400000000000006,-9.299999999999955,0.06499999999994088,-0.39999999999997726,-3.799999999999997,1.0,1.8592327967360323,1.9229177730384461,0.8652239306737627,1.6784580891151675,0.5924486685557194,1.1251138540498358,1.4512953727436322,0.8040591719341188
2010-06-30,-0.7000000000000028,-5.300000000000182,2.4000000000000057,-73.50000000000182,-33.81000000000131,-0.0915602262695927,12.0,0.02200000000001978,3150.0,0.10000000000000142,-0.08000000000000002,-0.10000000000002274,1.6000000000000796,1.612207792207812,-7.085000000000036,-1.4127705627706177,-2.470000000000013,0.20000000000001705,0.23029999999999973,2.1999999999999886,-1.6999999999999886,1.2179000000000002,0.13989999999999725,0.02529999999998722,0.00549999999999784,1.5,1325.0,-0.22200000000002262,-3.800000000000068,-0.10000000000002274,0.0,0.0,20.599999999999994,13.099999999999966,-0.45599999999996044,-0.4000000000000341,5.200000000000003,1.0,1.814832425545113,2.24181921796601,0.09967075438301073,1.3719783825043559,2.0254672073137465,1.372693151854573,2.9243642036807262,-0.23561038719374353
2010-07-31,2.799999999999997,4.699999999999818,-8.200000000000003,-1.2999999999992724,-23.094999999997526,-0.1849237762044993,-8.0,0.49699999999995725,402.0,0.1999999999999993,-0.18000000000000005,6.0,7.399999999999977,0.805454545454495,-4.263999999999953,-0.10272727272729298,3.747100000000003,-0.8000000000000114,0.20510000000000161,1.0,0.9000000000000057,-1.4447999999999865,-0.014200000000002433,3.1561000000000163,-0.30939999999999657,-2.5,528.0,0.09960000000000946,1.3000000000000682,1.700000000000017,-0.020000000000000018,0.0,52.20000000000002,-6.699999999999989,-0.29000000000002046,0.5,-2.6000000000000085,1.0,0.6693434846287936,-5.662796125773534,4.468115141227337,5.865877181996108,5.06596051469731,5.1718864841281675,-10.770085980083254,13.779969464951172
2010-08-31,-0.7000000000000028,0.1999999999998181,1.1000000000000085,14.899999999999636,53.914999999999054,0.10834196587947531,1.0,-0.08799999999996544,1503.0,0.09999999999999964,0.020000000000000073,2.8000000000000114,-10.100000000000023,0.4427272727272964,1.9389999999999645,1.957727272727297,2.372799999999998,0.5,1.2412000000000063,0.0,0.9999999999999716,2.032199999999989,0.953000000000003,-3.7967000000000155,0.1542999999999921,9.099999999999994,266.0,1.2291000000000025,-0.7000000000000455,-0.700000000000017,-0.010000000000000009,0.0,-43.30000000000001,-7.899999999999977,-1.4710000000000036,0.8000000000000114,-3.0999999999999943,1.0,0.6379813543429745,22.89409524374759,0.5797978358533004,1.4087697805294908,-2.237267416783452,4.688291148301312,2.4517592701841866,-2.8077648166291453
2010-09-30,-0.19999999999998863,12.0,-0.7000000000000028,-46.20000000000073,-23.029999999998836,0.11978232924150234,-17.0,0.033999999999991815,770.0,-0.09999999999999964,0.04999999999999999,-15.900000000000006,7.5,-1.3418181818181978,2.6160000000000423,1.0936363636364064,-1.3761999999999972,0.39999999999997726,1.4804999999999922,29.200000000000045,-0.799999999999983,0.3738000000000028,0.23749999999999716,4.468800000000002,-0.30230000000000246,1.700000000000017,-209.0,-0.9174000000000007,1.0,0.700000000000017,-0.010000000000000009,0.0,-19.69999999999999,-8.500000000000028,-0.4590000000000032,-0.39999999999997726,-3.1999999999999886,1.0,2.0326098534571333,3.2850628458595383,0.32442091059986083,-0.6066958880801815,0.26611790814450675,0.6170528750201008,1.3342586418074027,0.6649384530573924
2010-10-31,-1.4210854715202004e-14,-11.799999999999272,-0.5,29.0,16.44000000000051,0.14570554278103032,-5.0,0.40799999999998704,1560.0,-0.09999999999999964,0.02999999999999997,13.800000000000011,-5.899999999999977,6.63952380952378,10.738999999999976,5.131277056277,-0.19699999999998852,-0.0999999999999659,-0.769999999999996,-0.5,0.8000000000000114,-3.1754999999999995,-2.0351,-2.376099999999994,-1.2755999999999972,-0.6000000000000227,-1327.0,0.32980000000000587,-0.599999999999909,0.8000000000000114,0.030000000000000027,0.0,26.099999999999994,22.19999999999999,1.0960000000000036,0.6999999999999886,8.499999999999986,1.0,1.8868803764856565,2.512991210988903,1.6140232077630936,1.9133913654970416,1.4606309557708104,1.434456040182124,2.43849419146834,4.012154506260507
2010-11-30,0.30000000000001137,-0.5000000000009095,3.8999999999999915,9.000000000001819,-24.80500000000393,0.1549397902481786,2.0,-0.20499999999998408,-537.0,0.5,0.010000000000000009,2.1999999999999886,1.6999999999999886,2.292294372294407,9.816000000000031,2.7519047619047967,-0.10990000000001032,-1.3000000000000114,-0.8759000000000015,0.0,-1.4000000000000057,0.2819999999999965,-0.08579999999999188,-0.7586000000000013,0.703400000000002,2.1000000000000227,1170.0,1.112799999999993,-0.20000000000004547,-1.200000000000017,-0.020000000000000018,0.0,-13.699999999999989,-4.999999999999972,5.960000000000036,0.0999999999999659,-1.9000000000000057,1.0,1.343019837919713,2.4097567348820523,1.350243816280462,3.799525880403338,3.07515496718217,2.032800071904298,5.59536923235219,3.1550406120654655
2010-12-31,-1.5,0.5,2.9000000000000057,57.99999999999818,10.86000000000422,-0.0063147633973983375,72.0,0.3269999999999982,-1486.0,-0.9000000000000004,0.02999999999999997,20.799999999999983,1.6999999999999886,5.031660079051406,11.670000000000016,6.126521739130396,1.2368000000000023,2.5999999999999943,0.39690000000000225,0.0,-0.30000000000001137,0.8049999999999926,1.1816999999999922,-0.6293000000000006,0.6918000000000006,3.1999999999999886,-154.0,-1.290300000000002,1.2999999999999545,0.29999999999998295,0.030000000000000027,0.0,-14.300000000000011,-2.6000000000000227,0.5319999999999254,0.10000000000002274,-0.9999999999999858,1.0,2.0480740550342476,0.34845985829875936,2.0726405522926896,1.7821281854100006,3.8390310488415267,1.298247941931105,2.9902618536587546,-1.935573336874767
2011-01-31,-1.2000000000000028,3.9000000000005457,-0.29999999999999716,-34.79999999999927,-1.3000000000029104,-0.13909221567331542,-56.0,-0.1670000000000016,293.0,0.29999999999999893,-0.03999999999999998,5.300000000000011,2.1000000000000227,0.2865217391304071,10.268999999999949,4.498240165631515,-0.41450000000000387,-1.1999999999999886,-1.6621999999999986,-29.0,2.0999999999999943,-1.6570999999999856,-1.8847999999999985,1.788499999999999,-0.23619999999999663,2.3000000000000114,795.0,0.8674000000000035,-3.6000000000000227,4.200000000000017,-0.010000000000000009,0.0,-2.8000000000000114,8.200000000000045,0.4430000000000405,-1.3999999999999773,3.0999999999999943,1.0,0.6573417392852557,2.4267349796422746,1.4148306659602112,1.7580327027526574,3.1013783355163524,1.6490241446252867,0.7114822487227115,-0.23787018967043308
2011-02-28,1.5,-8.100000000000364,3.299999999999997,-19.69999999999891,17.3650000000016,-0.15349952064626393,-34.0,-0.004000000000019099,135.0,0.10000000000000142,5.551115123125783e-17,-2.0,-5.300000000000011,-0.14400000000000546,6.823000000000036,7.6602380952380855,-0.2272999999999996,0.4000000000000057,-3.0416000000000025,0.0,-0.19999999999998863,-0.39459999999999695,-1.274000000000001,-0.12709999999999866,-0.3301000000000016,9.099999999999994,-1557.0,-0.29519999999999413,4.7000000000000455,-2.5999999999999943,0.020000000000000018,0.0,9.100000000000023,-3.7000000000000455,-4.157999999999959,1.7999999999999545,-1.2999999999999972,1.0,1.3453016260776565,2.610080170234279,2.6539365426366466,3.1184799380844885,6.398980501916824,3.0747668895622216,4.203089532627807,-1.4412598546901412
2011-03-31,0.09999999999999432,5.800000000000182,-10.0,-66.70000000000255,-8.2450000000008,-0.18979180054570577,41.0,0.4370000000000118,727.0,0.09999999999999964,0.009999999999999953,15.300000000000011,-0.19999999999998863,13.550086956522009,13.717999999999961,10.486304347826007,0.3456999999999937,-0.700000000000017,3.8696999999999946,0.0,1.0,5.4517999999999915,6.44080000000001,-0.2798000000000087,1.2631999999999977,4.299999999999983,2590.0,0.10099999999998488,0.10000000000002274,0.19999999999998863,-0.050000000000000044,0.0,30.399999999999977,8.399999999999977,-1.5410000000000537,-0.0999999999999659,3.1999999999999886,1.0,-0.18568176912565496,2.9816166436363924,-2.030239771562903,-2.951598084030967,-0.990392478935907,-0.4996302623713686,0.9473016541566275,3.3929613015229045
2011-04-30,0.10000000000000853,-4.399999999999636,2.299999999999997,14.600000000002183,12.05000000000291,0.1806707748599905,-2.0,-0.10099999999999909,-1047.0,0.09999999999999964,-0.05000000000000002,22.600000000000023,3.099999999999966,7.126770186334994,11.188000000000045,8.709171842649994,2.1861000000000104,1.5,-0.26429999999999154,-3.200000000000017,0.4000000000000057,-3.815899999999999,-3.821200000000019,-3.605799999999988,-0.6088000000000022,6.5,-2111.0,0.7490000000000094,-0.5,0.0,0.010000000000000009,0.0,-37.5,-13.999999999999943,-5.916999999999973,0.39999999999997726,-5.499999999999986,1.0,2.786973855575653,0.4942391234720188,0.8480143203216929,1.129572941871364,0.6920764452232455,1.364322226880959,0.5638538833843546,-2.6589356565946125
2011-05-31,0.4000000000000057,21.599999999999454,4.5,9.899999999999636,6.774999999995998,0.04166449103597358,37.0,-0.3340000000000032,-3131.0,-0.1999999999999993,0.03,-8.5,-0.6999999999999886,-8.791493506492998,5.289999999999964,-8.692294372294,-1.1073000000000093,-0.6999999999999886,0.46059999999999945,0.0,-2.0999999999999943,1.367599999999996,0.7031000000000205,6.780199999999994,-1.1829000000000036,2.1000000000000227,220.0,-0.809899999999999,-3.2000000000000455,2.842170943040401e-14,0.010000000000000009,0.0,-24.69999999999999,-0.20000000000004547,-5.8729999999999905,0.4000000000000341,0.19999999999998863,1.0,-0.04520984504419232,-0.5759571350298156,-0.4820932469293894,0.009002847210180237,-0.7301731493244557,-0.45458045163563704,-0.7456540449939697,1.2209192342063457
2011-06-30,-0.5000000000000142,-19.899999999999636,-2.799999999999997,68.79999999999927,10.800000000001091,-0.2844374160479646,18.0,-0.7129999999999939,3342.0,0.1999999999999993,0.030000000000000027,-7.2000000000000455,0.0,-4.997272727273099,-0.08999999999997499,-0.7004545454550026,-0.8854999999999933,1.799999999999983,0.21540000000000248,0.0,-2.842170943040401e-14,-0.1255000000000024,-0.20190000000000907,-2.650099999999995,0.2920000000000016,-4.5,-94.0,0.10960000000000036,2.3999999999999773,-2.0000000000000284,0.010000000000000009,0.0,32.0,1.7000000000000455,11.895999999999958,0.1999999999999318,0.4000000000000057,1.0,2.3036490991461784,-0.885155715077666,1.246716941673956,1.2289040634262312,2.3148826974655345,1.704629722700545,-0.1767339733908671,4.759253723905444
2011-07-31,0.8000000000000114,3.199999999999818,-7.799999999999997,-21.0,91.35000000000036,-0.26307343757460444,-15.0,0.5890000000000271,-2808.0,-0.1999999999999993,0.009999999999999981,4.900000000000034,2.400000000000034,0.9397186147186005,1.3209999999999695,2.7032251082249985,0.9155000000000086,-1.8999999999999773,-1.5076999999999998,8.400000000000006,0.700000000000017,-2.567099999999982,-1.6137000000000086,-1.9326000000000079,0.0945999999999998,6.0,-771.0,-0.017300000000005866,0.7000000000000455,1.0999999999999943,0.010000000000000009,0.0,46.900000000000006,0.5999999999999659,7.9809999999999945,0.6000000000000796,0.30000000000001137,1.0,0.5254937679001556,1.8825732706307023,-0.10047127526369541,1.1099192982921275,9.92735425255674,1.5369836383498088,3.4093043367846545,-2.6895020053555534
2011-08-31,-1.1000000000000085,3.800000000000182,-7.900000000000006,-48.69999999999891,79.71499999999833,0.08242572570237883,26.0,0.12199999999995725,1337.0,0.09999999999999964,0.03,-22.5,-4.600000000000023,-10.872505175983406,-0.9429999999999268,-6.379648033125989,0.11169999999998481,-0.700000000000017,1.6859999999999928,0.0,-0.29999999999998295,4.633299999999977,3.0630000000000024,3.3373000000000133,0.34669999999999845,7.699999999999989,268.0,0.6642000000000081,0.900000000000091,-1.5999999999999943,0.010000000000000009,0.0,2.6999999999999886,5.400000000000034,1.2410000000000991,-3.000000000000057,2.09999999999998,1.0,1.5583124821546397,0.5009521079319078,1.3423596845359729,1.0598928904342788,1.1719313091765862,1.0393901369494973,1.3937335204907348,1.5990068965110473
2011-09-30,0.09999999999999432,-8.5,3.700000000000003,-8.600000000000364,-209.7049999999963,0.41486471086011534,-37.0,-0.21999999999997044,2514.0,0.0,-0.009999999999999953,6.5,2.1999999999999886,-0.7044861660078965,-1.295000000000016,2.365513833991997,-1.2028999999999854,0.5999999999999943,-1.6799999999999926,0.0,1.3999999999999773,-4.5823999999999785,-3.190899999999985,0.11029999999998097,0.5065000000000026,4.800000000000011,-557.0,-1.999900000000011,-0.8000000000001819,1.4000000000000057,0.010000000000000009,0.0,-45.69999999999999,-17.80000000000001,-12.660000000000139,1.6000000000000227,-6.999999999999986,1.0,6.884362930725902,3.313709451753214,8.13721784219861,2.490683644646359,19.169442619008358,1.5584684357849983,15.820669344109719,-6.345154275079088
2011-10-31,-1.09999999999998,8.599999999999454,1.2999999999999972,43.49999999999818,1.6899999999968713,0.2915449052855905,61.0,-0.3380000000000223,-1447.0,-0.1999999999999993,-5.551115123125783e-17,-7.900000000000034,0.4000000000000341,0.789372294372285,-1.1000000000000227,-2.9777705627700044,0.8814999999999884,-0.6999999999999886,2.411999999999992,0.0,-1.0999999999999943,4.83829999999999,3.9679999999999893,-3.846199999999982,0.09130000000000393,5.0,194.0,0.9383000000000123,-3.199999999999818,-2.299999999999983,0.030000000000000027,0.0,-14.0,17.599999999999966,-6.438999999999908,-0.39999999999997726,6.8999999999999915,1.0,0.6065292558130613,-7.31438929313687,0.8022694672565669,2.3330968862050887,1.2802913261153241,2.1626717500139168,-0.7136060267216592,1.0803485777928008
2011-11-30,0.9999999999999858,2.2000000000007276,2.9000000000000057,-23.899999999997817,6.675000000001091,0.20493813889891044,35.0,0.26600000000001955,-386.0,-1.7763568394002505e-15,0.0,15.100000000000023,-1.7000000000000455,10.660173160173116,2.9909999999999854,1.0350432900429922,-2.2990999999999957,0.10000000000002274,0.957099999999997,0.0,-0.8000000000000114,-1.5146000000000015,-1.356899999999996,2.9945999999999913,-1.176400000000001,3.3000000000000114,887.0,-1.583100000000016,-1.5000000000001137,0.4999999999999716,-0.020000000000000018,0.0,-7.200000000000017,-6.199999999999989,-1.0330000000000155,-0.8000000000000114,-2.3999999999999915,1.0,3.4516867575990697,0.9665454716296791,5.9851605878359315,5.683707659583195,0.616413223511804,0.5476141769837344,4.374181836644705,-3.5147860236724977
2011-12-31,0.5999999999999943,4.099999999999454,6.200000000000003,112.0,-14.850000000000364,0.10211857244838995,-9.0,-0.3650000000000375,-1014.0,0.10000000000000142,0.040000000000000036,-10.300000000000011,-2.599999999999966,1.5459090909090918,-4.737000000000023,-2.5340909090909918,0.7776999999999958,-5.684341886080802e-14,-0.1897999999999911,0.0,0.9000000000000341,-1.1590999999999951,-1.0822000000000145,1.321799999999996,0.7954000000000008,1.099999999999966,-372.0,2.474800000000016,4.7000000000000455,-0.5999999999999943,0.0,0.0,-48.39999999999999,2.0,17.964,1.3999999999999773,0.799999999999983,1.0,0.7441656728728219,-4.308503667012647,-0.14638651908669625,3.500388296756294,-6.017545592963987,2.4808513756080286,-2.297271607028142,5.748956088995634
2012-01-31,-0.19999999999998863,-9.100000000000364,5.099999999999994,-18.900000000001455,64.02000000000226,-0.07861881830369555,15.0,0.5650000000000546,2016.0,-0.09999999999999964,-0.16999999999999998,-3.3000000000000114,2.3000000000000114,1.5363636363633049,-2.9499999999999886,3.023636363636001,0.42600000000000193,1.0000000000000568,1.3795999999999964,1.5,-0.6000000000000227,1.581399999999988,1.5759000000000185,-1.0366999999999962,0.8539999999999992,2.1000000000000227,-62.0,-1.5116000000000156,-0.10000000000002274,4.599999999999994,-0.010000000000000009,0.29999999999999716,4.6000000000000085,2.000000000000057,-7.837000000000046,1.8000000000000114,0.700000000000017,1.0,2.7316910152844933,2.799562937611053,0.7388612604365716,-1.030285052295056,1.6213787814122125,0.9386627312510546,0.8351646592359828,0.906624892533362
2012-02-29,-0.09999999999999432,4.700000000000728,0.29999999999999716,-16.399999999999636,-47.56500000000233,-0.2010898181790992,26.0,-0.13200000000003342,1986.0,0.1999999999999993,-0.010000000000000064,-7.2999999999999545,2.699999999999932,2.114220779221,1.2960000000000491,8.708744588745006,-1.2857000000000056,-0.7000000000000455,-0.9522000000000048,0.0,0.09999999999999432,-1.1484999999999843,-2.265100000000004,1.3196000000000083,-0.7933000000000021,-0.6000000000000227,722.0,0.4672000000000196,-2.6000000000000227,-2.3999999999999773,-0.030000000000000027,-0.8999999999999915,19.299999999999983,1.9999999999999432,-3.519999999999982,-3.1999999999999886,0.6999999999999886,1.0,1.7484103786730967,2.0323130068407878,0.9237079505514243,-0.024318053403315734,4.607930681499121,-0.020628067997585518,2.1221689968781745,2.7392291630747496
2012-03-31,0.0999999999999801,11.899999999999636,0.9000000000000057,-30.5,-1.9799999999995634,-0.13126272765906322,68.0,-0.00899999999998613,-2994.0,-0.10000000000000142,0.09000000000000002,2.599999999999966,2.900000000000091,3.88759740259799,-0.4810000000000514,5.226255411254996,1.1378000000000128,0.10000000000002274,0.07330000000000325,0.0,1.3000000000000114,0.03339999999998611,1.0444999999999993,-1.1573000000000064,-0.323599999999999,13.300000000000011,-804.0,-1.2203000000000088,4.0,0.6999999999999886,0.0,0.799999999999983,53.10000000000002,0.19999999999998863,4.410000000000082,0.2999999999999545,0.20000000000001705,1.0,-0.25213262136530906,-0.16967232847604055,-0.12329586010633671,1.4958033144071208,1.4479044665280068,0.35573605849279466,-1.9463680248299544,-3.6880396916560167
2012-04-30,-0.39999999999997726,-17.899999999999636,0.20000000000000284,3.900000000001455,17.284999999998035,-0.08787660479745796,-74.0,-0.09800000000001319,-3941.0,0.10000000000000142,0.010000000000000009,-12.0,-4.2000000000000455,-2.8661688311689915,4.8870000000000005,-4.337683982684013,-1.203400000000002,1.8000000000000114,-0.9309999999999974,-3.3000000000000114,-1.700000000000017,-0.8393999999999835,-0.9836000000000098,-0.01680000000000348,0.16689999999999827,1.3999999999999773,-142.0,0.9468999999999852,-4.199999999999932,-1.6999999999999886,0.0,-0.799999999999983,-53.30000000000001,-4.599999999999966,-5.583000000000084,0.20000000000004547,-1.8000000000000114,1.0,-28.23029429346707,17.763406901592354,82.87592976072958,-32.71259385081869,112.20458541423137,35.648814962267465,57.28622729213957,-40.228578880748834
2012-05-31,0.19999999999998863,2.899999999999636,2.8999999999999915,-37.400000000001455,-24.744999999997162,-0.08917520801976764,64.0,-0.8540000000000134,1812.0,0.0,0.0,-20.299999999999983,-1.5,-8.777329192546901,-2.8840000000000146,-10.069213250516981,0.6269999999999953,-2.0,0.3605000000000018,0.0,0.4000000000000057,1.1333999999999804,1.3289000000000044,-2.611399999999989,-1.5876999999999981,7.400000000000034,-1369.0,-1.12139999999998,0.7999999999999545,-0.30000000000001137,0.020000000000000018,-0.10000000000000853,-6.699999999999989,-5.600000000000023,-6.5,0.8000000000000114,-2.1000000000000085,1.0,0.9619460960526219,2.357865359525788,4.061091911259305,0.6327298058458153,1.3126835781929096,0.8632883410500463,1.6937377708039392,-1.2581792913871945
2012-06-30,-0.4000000000000057,-3.699999999999818,-6.099999999999994,0.8000000000010914,26.534999999999854,-0.14629702491842522,-2.0,0.285000000000025,-2994.0,0.0,0.030000000000000027,-19.0,-0.8000000000000114,-12.147432712215306,-17.432999999999993,-14.932691511387418,0.7439999999999998,0.0999999999999659,-0.6216000000000008,0.0,0.5,-1.055599999999984,-0.9693999999999932,-0.019000000000019668,0.043400000000005434,-1.8000000000000114,59.0,-0.18610000000001037,1.599999999999909,-2.3999999999999773,0.030000000000000027,0.30000000000001137,6.399999999999977,9.5,2.7560000000000286,0.2999999999999545,3.500000000000014,1.0,0.25071253087754236,7.052583416596545,2.8233320781268585,11.816652135661943,-3.0370758864118717,1.0159144915117875,5.1567635284321405,-1.1652225253315083
2012-07-31,-0.09999999999999432,-0.6999999999998181,-0.9000000000000057,-99.80000000000109,18.834999999999127,0.13034123879492654,55.0,0.25499999999999545,4720.0,0.0,-0.050000000000000044,11.0,-1.1999999999999886,5.530930735930809,-3.4119999999999777,7.5518614718614145,-2.209699999999998,5.684341886080802e-14,1.2391999999999967,17.69999999999999,-1.0999999999999943,2.3925999999999874,1.9346999999999923,0.6790000000000163,-0.9865000000000066,0.30000000000001137,2738.0,0.21060000000001367,-0.4999999999998863,2.3999999999999773,-0.020000000000000018,0.6999999999999886,30.200000000000017,-10.599999999999966,21.661,-1.2999999999999545,-3.9000000000000057,1.0,0.13611971192168068,3.4850417719928277,1.101323703204536,1.7811759375944933,3.7695931591353733,1.7205750824151471,2.1933493517426155,-0.6341614662524235
2012-08-31,0.5999999999999943,8.699999999999818,2.0,41.100000000000364,-8.6200000000008,0.23813132279238403,-9.0,1.2620000000000005,3389.0,-0.09999999999999964,-0.019999999999999962,20.900000000000006,2.1999999999999886,6.219980237154104,9.994000000000028,10.199090909090998,-0.4615000000000009,-0.3000000000000682,-2.248800000000003,0.0,0.10000000000002274,-4.714199999999991,-3.5981999999999914,-1.4810000000000088,-0.05629999999999313,-4.100000000000023,-1193.0,0.40339999999997644,1.2000000000000455,0.5999999999999659,0.0,-0.09999999999999432,5.099999999999994,6.099999999999966,-4.497000000000014,0.39999999999997726,2.200000000000003,1.0,1.413687476432126,1.367133798214824,1.8367658664070776,1.5332800283131216,5.336706041920302,1.4254132849983772,3.9520547099650503,-3.6508089550786313
2012-09-30,0.30000000000001137,-1.699999999999818,4.0,107.39999999999964,4.9100000000016735,0.14413935168221315,90.0,-0.23100000000002296,-1731.0,-0.20000000000000018,0.019999999999999962,2.5,-1.0,0.4955652173913023,5.900999999999954,0.04249999999998977,0.0010999999999938836,-0.0999999999999659,1.693000000000012,0.10000000000002274,-0.6000000000000227,5.422200000000004,4.116,-0.965299999999985,0.27249999999999375,-0.19999999999998863,343.0,0.5392000000000223,1.4999999999998863,-0.8999999999999773,0.0,-1.0000000000000142,-16.30000000000001,-17.399999999999977,-10.110000000000014,-2.6000000000000227,-6.200000000000003,1.0,0.9545731192317298,1.1856569019544065,0.736580558543761,1.5159032005143354,3.3544259883855077,1.2794728140479141,0.678554130423442,0.5773634929788136
2012-10-31,0.09999999999999432,0.0,4.299999999999997,34.0,-5.445000000001528,-0.08807577486980733,-43.0,-0.4739999999999611,-2036.0,0.2999999999999998,0.010000000000000037,-2.5,-0.5999999999999659,-5.088608695652212,3.418000000000063,-1.4090217391299973,0.7220000000000084,0.0,1.6470999999999947,1.0,-0.20000000000001705,0.6876999999999924,-0.006400000000013506,-2.2715000000000174,-0.3025999999999982,-5.100000000000023,-255.0,-0.3177000000000163,-2.099999999999909,1.2000000000000455,-0.020000000000000018,-0.799999999999983,8.900000000000006,23.599999999999966,-3.9389999999999645,1.1000000000000227,9.399999999999991,1.0,-1.5746577001714503,6.3392219968868755,2.544555216949567,-2.5541167495332275,1.4002305003717603,-0.43491702444120767,4.706270528442462,-6.56603552264575
2012-11-30,-0.5999999999999943,-0.9000000000005457,0.10000000000000853,82.80000000000109,-8.609999999998763,-0.308319268984107,30.0,-1.0120000000000005,36.0,-0.09999999999999964,0.009999999999999981,0.8999999999999773,1.1999999999999886,-2.8278458498023014,-0.2720000000000482,-2.2616600790519925,0.10389999999999588,0.4000000000000341,-0.19230000000000302,0.0,0.8000000000000114,-2.9646000000000043,-1.9236999999999824,0.9093000000000018,-0.2523999999999944,-1.599999999999966,286.0,0.05700000000001637,-1.7000000000000455,-1.8000000000000682,0.0,0.8999999999999915,13.200000000000017,-9.099999999999966,-2.0,-0.19999999999998863,-4.299999999999983,1.0,-0.18448836710878672,0.8476192067775091,1.2934048716107724,2.3502158492978915,-1.436547805065387,1.7484487900937034,1.8442315236545441,-0.5719043672252987
2012-12-31,-1.4210854715202004e-14,0.4000000000005457,-9.799999999999997,146.49999999999818,60.1200000000008,-0.24370428192618476,24.0,0.36099999999993315,402.0,0.2999999999999998,0.009999999999999981,1.4000000000000057,-1.6000000000000227,1.5018831168830928,-4.507000000000005,-0.07181818181800281,0.31329999999999814,-0.4000000000000341,-0.12179999999999325,0.0,1.3000000000000114,0.3592000000000155,0.07979999999999166,4.014400000000009,0.9579999999999984,-7.5,-943.0,1.830299999999994,1.5,0.3000000000000682,0.030000000000000027,0.5,-14.900000000000006,0.8000000000000114,20.96599999999995,-0.4000000000000341,0.3999999999999915,1.0,2.9971083653303263,2.7518366577304514,0.6763041249991101,-0.12230381293655324,4.579979832017498,0.2554147122979853,0.7046898828020122,5.501238477305963
2013-01-31,0.6000000000000085,0.0,0.8999999999999915,-1072.699999999999,-84.45500000000175,0.20234730023928194,-1.0,0.48600000000007526,1551.0,-0.10000000000000053,-0.019999999999999962,7.099999999999994,2.3000000000000114,6.461180124223503,-2.659999999999968,3.288695652173999,0.9610000000000127,1.1999999999999886,-1.3090000000000117,0.0,-0.30000000000001137,-2.2760000000000105,-1.2865000000000038,-0.7523000000000053,-1.1623000000000019,-0.9000000000000341,1303.0,-2.373100000000008,2.7999999999999545,4.099999999999966,0.0,3.500000000000014,-16.900000000000006,7.099999999999966,-10.827999999999975,-0.9999999999999432,2.6999999999999886,1.0,2.4835596981875416,2.4502956743600306,1.6357415244532054,2.187721730324669,1.9852101681325762,1.0671027589424584,2.1477145412167222,4.462904788634954
2013-02-28,-1.2000000000000028,-2.4000000000005457,3.799999999999997,687.9000000000015,-45.335000000000946,0.2277804358875244,40.0,0.799999999999983,2383.0,-0.39999999999999947,-2.7755575615628914e-17,0.5,6.099999999999966,0.6423913043479104,1.01299999999992,3.5263043478259988,1.2393999999999892,-1.099999999999966,0.265900000000002,0.0,-0.29999999999998295,2.6071000000000026,1.7135999999999996,-2.0515999999999934,-0.9690999999999974,-1.8999999999999773,-1084.0,-0.765500000000003,-0.39999999999997726,-1.6000000000000227,0.020000000000000018,-1.3000000000000114,33.0,-7.899999999999977,-8.419999999999959,1.8999999999999204,-3.09999999999998,1.0,-1.2106670465621714,-0.1744048154914813,1.422060836888839,0.7724737100650134,10.637392597266851,0.2691955354347177,2.17469230666269,2.313670024148716
2013-03-31,-0.09999999999999432,-1.699999999999818,1.0,80.29999999999745,68.725000000004,0.06284031659876632,-44.0,-1.913000000000011,-8392.0,0.09999999999999964,0.0,-1.299999999999983,15.60000000000008,-2.176904761904794,-7.184999999999945,-7.215000000000003,-0.7321000000000026,0.1999999999999318,-0.33849999999999625,0.0,-2.1000000000000227,-0.8055000000000092,-0.6550000000000011,2.9812999999999903,-0.07440000000001135,-6.600000000000023,-499.0,1.896400000000014,-2.7999999999999545,-1.599999999999966,0.030000000000000027,-1.3000000000000114,5.300000000000011,10.199999999999989,10.362999999999943,0.8000000000000682,3.8999999999999915,1.0,1.1518607813195085,-0.8254293257837563,-0.3537553202061477,-0.08098820784097527,1.539822179325914,0.5966319169893594,-0.8230917754718797,5.896975429760798
2013-04-30,-0.29999999999999716,9.50000000000091,-2.1999999999999886,29.30000000000109,-4.905000000004293,0.04461579591742293,76.0,0.1699999999999875,1486.0,0.2999999999999998,2.7755575615628914e-17,10.099999999999994,-22.40000000000009,-1.099004329004302,-4.189000000000021,-6.364545454544995,-0.9024000000000001,-0.1999999999999318,0.47629999999999484,7.399999999999977,1.400000000000034,1.1847000000000065,0.9082000000000079,-3.8399,-0.133199999999988,-0.39999999999997726,827.0,-0.4902000000000015,1.1000000000000227,0.0,0.0,-2.299999999999983,-40.5,-16.0,-17.82699999999994,-0.10000000000002274,-6.0,1.0,-1.2648117370753489,-3.360594419087964,-1.352625823518941,4.050079312947848,-6.349056925776156,-0.5790499557684438,-2.3702116816243226,-0.4029460878941746
2013-05-31,1.2999999999999972,-7.5000000000009095,8.099999999999994,22.30000000000109,-26.714999999998327,0.12427007493290887,-9.0,0.5810000000000173,3555.0,-0.1999999999999993,0.009999999999999981,3.1999999999999886,-0.8999999999999204,2.6996047430830004,-2.0979999999999563,0.15150197628400974,0.14220000000000255,-0.9000000000000341,-0.4761999999999915,0.0,-1.400000000000034,-1.8638999999999868,-1.0485000000000042,0.7950000000000017,0.5973999999999933,-1.6000000000000227,769.0,0.7790999999999855,-1.0000000000001137,-0.5,-0.030000000000000027,1.1999999999999886,-12.900000000000006,4.800000000000011,-0.42600000000004457,-1.1999999999999886,1.3999999999999915,1.0,2.175659306749216,0.835359749646847,1.806225479585133,0.06394928439160172,0.11671386416074733,0.8361727421775839,1.0776959717819263,2.720757611276006
2013-06-30,-0.7000000000000028,1.800000000000182,-0.4000000000000057,-57.50000000000182,18.594999999999345,-0.16088982501723592,-61.0,0.45599999999998886,-394.0,0.09999999999999964,-0.010000000000000009,-2.3000000000000114,7.399999999999977,1.0708043478260976,4.371999999999957,0.0830434782609899,0.8777000000000044,0.8000000000000114,-0.29760000000000275,0.0,0.20000000000001705,0.49619999999998754,0.21290000000000475,2.4066000000000116,-0.804000000000002,-2.8999999999999773,-1505.0,-0.9106999999999914,-1.599999999999909,0.5999999999999659,0.020000000000000018,2.700000000000017,30.099999999999994,13.299999999999955,10.259999999999991,0.19999999999998863,5.500000000000014,1.0,0.9802538721540333,1.4496355974570356,1.9355520984085237,4.193847797588234,2.574045870204765,1.0490536680128548,1.939293712722529,2.065823689779638
2013-07-31,0.19999999999998863,4.899999999999636,1.0,-26.299999999999272,17.155000000000655,-0.20933447206016353,55.0,-0.09699999999997999,1189.0,-0.20000000000000018,-0.03999999999999998,10.5,-6.500000000000057,8.755717391303989,4.856000000000051,4.606086956522006,-1.8486000000000047,0.0,1.3469999999999942,9.600000000000023,0.799999999999983,2.6668999999999983,1.8892000000000024,-3.454100000000011,-0.4684999999999917,-3.8999999999999773,943.0,1.0442000000000036,3.6000000000000227,-0.6999999999999886,-0.020000000000000018,0.0999999999999801,9.400000000000006,-7.499999999999943,16.39500000000004,-0.9000000000000341,-2.9000000000000057,1.0,0.8978721096901818,-0.7608764306863086,1.188046778975534,0.8547018604861718,-2.6712810148835335,1.2703583967018817,2.4898054976504507,1.955701990631609
2013-08-31,-0.5999999999999801,-12.799999999999272,-3.0,40.70000000000073,-7.984999999998763,-0.23943937886811284,-33.0,0.10099999999997067,-3636.0,0.10000000000000053,0.02999999999999997,-1.099999999999966,-0.3999999999999204,2.0011462450600135,7.20799999999997,3.248913043477998,0.297300000000007,0.4000000000000341,-0.6267999999999887,0.8000000000000114,0.20000000000001705,-3.282899999999998,-2.23660000000001,6.137500000000003,0.05349999999999966,7.0,-411.0,-1.0613000000000028,-4.2000000000000455,-1.0,0.010000000000000009,-1.9999999999999858,14.599999999999994,-0.8000000000000114,-8.22100000000006,1.1000000000000796,-0.29999999999999716,1.0,61.51174512474181,-76.27771010094864,-7.074617592768089,31.22804015275613,31.282072106785805,-69.3937591365418,82.46811326445307,-2.9959978201335513
2013-09-30,1.1999999999999886,3.199999999999818,-4.599999999999994,22.799999999999272,0.7399999999997817,-0.09870291812309517,40.0,-0.4679999999999609,462.0,0.09999999999999964,0.010000000000000023,2.3999999999999773,0.2999999999999545,-0.2325541125539985,2.375,0.6564285714290037,-1.1484000000000094,-0.20000000000004547,1.1655999999999977,0.0,-0.5999999999999943,3.538499999999999,2.0968000000000018,-0.5534999999999997,-1.004400000000004,-4.600000000000023,479.0,0.7323999999999984,0.39999999999997726,0.20000000000004547,-0.020000000000000018,-1.4210854715202004e-14,-25.0,-18.200000000000045,-7.059999999999945,0.6999999999999318,-7.0,1.0,3.396739855576104,2.848037095276283,2.375076797858477,-1.52439902538148,-2.9789696514771755,0.058021014895505145,5.547449708807968,5.799697338775524
2013-10-31,-0.20000000000000284,-9.094947017729282e-13,-4.299999999999997,-82.70000000000073,58.12999999999738,0.14326543656619606,40.0,0.03699999999997772,1794.0,0.0,0.01999999999999999,-10.099999999999966,0.30000000000001137,-5.813374741201002,-1.914000000000044,-2.142298136646005,-0.7307999999999879,0.10000000000002274,-2.643799999999999,0.0,-0.5000000000000284,-6.951099999999997,-4.434899999999999,-4.872700000000009,-0.17190000000000794,2.3999999999999773,150.0,-0.5403999999999911,2.2999999999999545,0.5999999999999659,-0.020000000000000018,-0.6999999999999886,1.0,23.500000000000057,-0.12700000000000955,-0.5999999999999659,8.999999999999986,1.0,1.929457023019547,1.6909168859651074,2.1263185192690335,0.23027955769865113,2.1211442311436057,-0.6999858305645985,2.013447758346228,3.5908193208118138
2013-11-30,0.4000000000000057,-1.8999999999987267,1.8999999999999915,72.0,-112.83999999999833,0.3309389377979812,-15.0,0.3059999999999832,-623.0,-0.2999999999999998,-0.009999999999999995,-14.600000000000023,-1.1000000000000227,-6.6880538302281,2.434000000000026,-1.402463768115993,0.8612999999999857,-5.684341886080802e-14,0.25839999999999463,0.6999999999999886,1.6000000000000227,5.2105999999999995,3.412300000000002,2.5042000000000115,-0.2861999999999938,-9.099999999999966,-373.0,0.6238999999999919,2.900000000000091,-0.10000000000002274,0.0,0.5,-8.699999999999989,-13.600000000000023,1.343999999999994,2.6999999999999886,-5.09999999999998,1.0,0.444353140871822,0.26279142665318544,0.05032620423561303,-0.1885158887233679,2.588846418667443,1.2654753600757558,0.7177849292630325,3.622853851712656
2013-12-31,-0.8999999999999915,4.799999999999272,7.400000000000006,-0.2999999999992724,61.47999999999956,0.20014168758872586,-22.0,0.18800000000004502,1875.0,0.09999999999999964,0.020000000000000018,12.100000000000023,0.6000000000000227,4.089891774891797,4.988000000000056,2.5569696969689915,1.6237000000000137,5.684341886080802e-14,-0.3380999999999972,0.0,-1.200000000000017,-0.5646000000000129,-0.6940000000000026,-1.5427000000000106,0.42249999999999943,-2.1999999999999886,210.0,-0.30579999999999075,-4.7000000000000455,1.5000000000000568,-0.010000000000000009,-0.10000000000000853,-6.800000000000011,23.0,-1.2800000000000296,0.30000000000001137,8.699999999999989,1.0,1.098536688014285,0.2911874758466895,-2.6016873819119395,0.38942813941595766,8.194317323978758,2.241051069888165,-3.966897427309306,0.04066572799348577
2014-01-31,-1.700000000000017,-8.599999999999454,-1.2999999999999972,20.5,-14.159999999999854,-0.12883790616491808,-24.0,-0.05000000000006821,-6308.0,0.09999999999999964,-0.040000000000000036,6.599999999999966,1.5,-2.9057509881423016,17.889999999999986,-3.063201581027002,-0.06380000000001473,1.8000000000000114,1.0117999999999938,0.5999999999999659,1.0000000000000284,1.1298000000000172,1.6393000000000058,2.8788000000000125,-0.9569999999999936,-1.400000000000034,-421.0,0.14469999999998606,2.800000000000068,2.999999999999943,0.010000000000000009,0.8000000000000114,21.599999999999994,-23.80000000000001,-9.535999999999945,-3.000000000000057,-9.099999999999994,1.0,2.714004616817442,3.4054276708039453,-3.0635043242886835,9.187933892110886,6.18630272569683,-0.7346333641868871,-0.4051627788495919,19.30139144765303
2014-02-28,1.4210854715202004e-14,17.599999999999454,0.3999999999999915,17.80000000000109,32.68000000000211,-0.1012212134385777,62.0,-0.30999999999994543,9264.0,0.20000000000000107,0.030000000000000027,37.10000000000002,4.800000000000011,5.707478260869593,19.485000000000014,1.2415652173910132,-0.16489999999998872,-0.5000000000000568,0.2429000000000059,0.0,0.8999999999999773,-1.1418000000000035,-0.9004000000000048,-0.39050000000000296,0.013099999999994338,6.400000000000034,257.0,1.081000000000003,-1.3000000000000682,-2.5,0.010000000000000009,-0.9000000000000057,2.5,0.6999999999999886,8.342999999999961,0.40000000000009095,0.29999999999999716,1.0,-5.283362737033564,1.9402328623178509,-2.332685283342793,6.239253083359045,6.081258305394187,10.381792870762117,-4.884558362128461,-7.952435670770065
2014-03-31,2.0,-14.600000000000364,-1.5999999999999943,-8.400000000001455,-37.92000000000189,-0.03726399159332061,17.0,0.22199999999998,-1792.0,-0.10000000000000053,-0.020000000000000018,-17.400000000000034,-6.300000000000011,-0.1306666666669969,-29.17300000000006,-1.406285714286014,2.538899999999998,-2.199999999999932,0.39170000000000016,-1.5,-3.799999999999983,0.5057999999999936,0.19950000000000045,-1.037700000000001,0.7634999999999934,-6.800000000000011,-258.0,0.6266000000000105,1.2000000000000455,-1.1999999999999318,0.010000000000000009,2.0999999999999943,30.599999999999994,18.900000000000034,5.58600000000007,2.2999999999999545,7.200000000000003,1.0,2.5962002238113775,2.0353531676930428,1.2832644758191,-0.7821227902932558,2.51855361904876,0.9927470917372092,1.493000016802795,3.303083468469065
2014-04-30,0.09999999999999432,2.2000000000007276,4.099999999999994,-20.899999999999636,14.039999999999054,0.04015816936029637,23.0,-0.04099999999999682,924.0,-0.5,0.010000000000000009,-3.099999999999966,-1.599999999999966,1.6053030303030056,-11.870999999999981,0.46974025974100186,-0.9107000000000056,0.2999999999999545,1.6895999999999987,0.4000000000000341,4.099999999999966,2.409700000000015,1.6222000000000065,1.752299999999991,0.08920000000000528,-5.800000000000011,356.0,-1.54140000000001,-1.2000000000000455,1.599999999999909,-0.010000000000000009,-0.8999999999999915,-1.0,-9.600000000000023,-1.744000000000085,-3.400000000000034,-3.8000000000000114,1.0,2.657657476825253,6.47687228280452,2.3288188565883123,-7.231661496350305,-6.947339699864856,-16.939622737282537,-25.519291822767407,1.8628946502015042
2014-05-31,0.0,4.100000000000364,-2.1999999999999886,0.2999999999992724,1.8550000000013824,-0.08534156889096778,-69.0,0.010000000000019327,-4297.0,0.5999999999999996,-0.009999999999999995,-2.8000000000000114,-0.7000000000000455,-0.1754545454540164,-1.406000000000006,1.8004545454540022,-0.20129999999998915,0.30000000000001137,0.11700000000000443,0.0,-0.39999999999997726,-2.4361000000000104,-1.9344000000000108,-0.1167999999999978,-0.8973000000000013,3.3000000000000114,-433.0,-0.5481999999999942,1.3000000000000682,-2.199999999999932,0.010000000000000009,-1.7000000000000028,-27.299999999999983,-5.199999999999989,4.851000000000056,4.400000000000034,-1.8999999999999915,1.0,2.792270536291361,-0.9739696799846027,3.1904710132977794,4.093845374276956,2.2073131743220875,2.2440322682039167,1.9122329551314365,5.3826349699227665
2014-06-30,-0.7000000000000028,4.299999999999272,0.5999999999999943,10.700000000000728,2.9899999999997817,-0.01259878031632411,-13.0,-0.13700000000002888,351.0,-0.2999999999999998,0.009999999999999995,0.6000000000000227,1.5,3.238722943723019,-0.8230000000000359,2.192662337662,0.39059999999999206,0.10000000000002274,1.2107999999999919,2.1999999999999886,-0.09999999999999432,1.5374999999999943,1.383100000000013,-3.569299999999984,1.0520000000000067,1.1999999999999886,124.0,2.7099999999999937,0.9999999999998863,0.8999999999999773,-0.010000000000000009,-0.20000000000000284,-6.700000000000017,10.400000000000034,-6.003000000000043,-1.599999999999966,4.1000000000000085,1.0,2.552985712013682,0.5274520540182841,4.885298181171047,7.3713789354340955,-1.595243103195593,0.9940626753830115,3.8195745237969665,4.860915053157198
2014-07-31,3.0999999999999943,0.6999999999998181,-0.7000000000000028,-19.19999999999891,-4.530000000000655,0.01795052433310218,70.0,-0.04599999999999227,-113.0,0.3000000000000007,0.020000000000000004,-10.900000000000034,-1.3000000000000114,-2.2558178053830034,0.47500000000002274,-4.885527950310006,-1.4904999999999973,-5.684341886080802e-14,-0.35729999999999507,8.0,-1.0,-2.8615000000000066,-1.9996000000000151,1.1295999999999822,0.5249000000000024,-0.19999999999998863,35.0,-1.7434999999999974,-2.3999999999998636,0.6000000000000227,-0.010000000000000009,1.7000000000000028,34.400000000000006,-8.900000000000034,-3.599999999999966,-0.3000000000000682,-3.500000000000014,1.0,0.983897226153823,-2.9910718969493555,1.372701934949992,7.1070928357760135,-6.918178895932065,1.7759099301673793,5.996085757421285,-4.100987180738557
2014-08-31,-2.3999999999999915,3.0000000000009095,0.7000000000000028,21.099999999998545,-30.584999999997308,0.10155445047649891,-26.0,-0.3049999999999784,2662.0,-0.20000000000000107,-0.020000000000000004,-15.899999999999977,1.6000000000000227,-6.6046583850934155,1.3940000000000055,-5.060662525879991,2.746299999999991,5.684341886080802e-14,-0.04019999999999868,8.399999999999977,-0.8000000000000114,0.6649000000000171,0.37460000000001514,-1.440499999999986,0.5986999999999938,2.099999999999966,202.0,0.5557999999999907,1.2999999999999545,-1.2000000000000455,0.0,-2.8999999999999915,-12.599999999999994,3.099999999999966,1.2639999999999532,-0.9999999999999432,1.2000000000000028,1.0,-2.3030002268573107,4.37973489559128,5.596195292458335,-2.6495175639589363,-9.296551093479806,4.23458709397125,5.454959980699821,0.40561949423216587
2014-09-30,-0.5999999999999943,-1.7000000000007276,2.0999999999999943,-21.100000000000364,7.824999999995271,0.10781286329360285,29.0,0.0549999999999784,-4836.0,-0.09999999999999876,-0.010000000000000009,-5.400000000000006,-3.8999999999999773,-3.0323376623376816,-6.949999999999989,-4.586017316017404,-0.20189999999999486,0.2999999999999545,0.21339999999999293,1.5,1.1000000000000227,0.9124999999999943,0.29769999999997765,0.14889999999998338,-0.24399999999999977,3.400000000000034,-961.0,-1.0877999999999872,-0.20000000000004547,0.5,0.020000000000000018,5.799999999999983,-29.099999999999994,-19.099999999999966,-2.055999999999983,0.7999999999999545,-7.099999999999994,1.0,1.1307948593224304,-0.10237928746416683,-1.4441360644740013,-0.2619745440000573,-1.1172175781140758,-1.5258499241067809,-2.446191254839835,1.6082109564758102
2014-10-31,-0.4000000000000057,-5.399999999999636,2.3000000000000114,15.200000000000728,26.200000000004366,0.08170146536370737,24.0,-0.06399999999999295,2300.0,-8.881784197001252e-16,0.010000000000000009,-21.900000000000006,1.6999999999999886,-8.949090909090899,-9.906000000000006,-10.066798418972297,-1.1359999999999957,-0.5999999999999659,-0.02039999999999509,0.0,1.299999999999983,-1.0757999999999868,-0.33749999999997726,1.636800000000008,-0.7015999999999991,-6.100000000000023,242.0,-0.6396000000000015,1.2000000000000455,-1.3999999999999773,0.010000000000000009,-8.59999999999998,0.0,19.100000000000023,5.05800000000005,2.7000000000000455,7.0,1.0,3.224677608810338,2.115833307115776,4.09469502783383,1.9477385443540651,2.800747367058413,1.901416901967051,3.6195960679480037,1.569044969974168
2014-11-30,0.4000000000000057,7.399999999999636,1.8999999999999915,8.0,-34.87500000000182,0.06423195392578407,-38.0,-0.4000000000000057,565.0,0.2999999999999998,0.010000000000000009,-12.699999999999989,1.099999999999966,-8.69850000000001,-5.718000000000018,-8.8315652173913,-0.3119000000000085,0.19999999999998863,-1.3087000000000018,0.0,-2.1000000000000227,-1.0068000000000268,-1.7422000000000253,-1.7848999999999933,0.16979999999999507,-6.899999999999977,28.0,1.591700000000003,-3.5000000000001137,-1.6999999999999886,0.010000000000000009,4.09999999999998,-8.800000000000011,-3.1000000000000227,-2.6200000000000614,-0.6000000000000227,-1.2000000000000028,1.0,0.5842716328836565,0.9503254668460484,-0.1685596516632741,0.4433400804408514,0.9102245577722289,0.33759824313130476,-0.34707516915364783,3.7330295491003054
2014-12-31,1.299999999999983,-9.699999999999818,4.799999999999997,17.80000000000109,55.524999999999636,0.037792084843005114,12.0,-0.2839999999999918,-4407.0,-0.2999999999999998,0.009999999999999981,-24.700000000000017,-13.799999999999955,-16.601934782608694,-22.036999999999978,-16.274956521739107,0.32740000000001146,0.30000000000001137,1.8986000000000018,5.900000000000034,2.842170943040401e-14,3.9679000000000144,4.182900000000018,-1.4408999999999992,0.38590000000000657,11.399999999999977,146.0,0.31279999999999575,1.400000000000091,1.5,0.0,-2.3999999999999915,-15.099999999999994,5.0,-3.571999999999946,-3.5,2.0999999999999943,1.0,-8.806170503505648,-5.229148333595913,-22.86800512962364,-21.31666185098264,-13.687693275890911,-11.450781198290013,-32.01202315449738,24.02710567070123
2015-01-31,-3.3999999999999773,15.099999999999454,4.5,-19.200000000000728,-29.525000000001455,-0.12561738792298627,-17.0,-0.7740000000000009,290.0,0.3000000000000007,-0.009999999999999981,-49.400000000000006,-8.200000000000045,-11.495928853754904,-23.822000000000003,-13.746225296442695,-8.831299999999999,-0.20000000000004547,-0.912700000000001,1.8999999999999773,-1.6999999999999886,-5.06280000000001,-3.7822999999999922,-1.8031000000000148,-0.15619999999999834,-10.299999999999983,-798.0,0.10509999999999309,-3.3999999999999773,-0.19999999999998863,0.020000000000000018,3.9000000000000057,24.30000000000001,-5.399999999999977,-0.6900000000000546,2.099999999999966,-2.1999999999999886,1.0,1.3210607556772858,-3.1156511770494473,2.401457980570146,1.5469218539331508,4.17120051603267,1.8297277091096307,4.264006898914273,-4.3221153443009275
2015-02-28,1.299999999999983,-10.199999999998909,-2.6999999999999886,-23.50000000000182,74.65000000000327,-0.25716369740702305,74.0,2.0999999999999943,1972.0,-0.3000000000000007,-0.020000000000000018,1.4000000000000057,20.600000000000023,3.113863636363604,-1.5190000000000055,9.513681818181801,-9.221000000000018,-0.5999999999999659,0.24859999999999616,0.0,0.29999999999998295,2.9306000000000267,1.4868999999999915,-2.5725999999999942,-0.19650000000000034,16.99999999999997,572.0,-1.2412999999999954,4.5,1.099999999999966,0.010000000000000009,-1.1000000000000085,-0.6000000000000227,-3.1000000000000227,2.9670000000000414,0.3000000000000682,-1.2000000000000028,1.0,2.690502371107939,1.9521376988332724,2.227517764384765,1.1983199956544162,6.397087759671086,0.4363602359652704,1.469780925517857,-0.8653135189678707
2015-03-31,1.2000000000000028,-2.0000000000009095,-2.4000000000000057,-77.59999999999854,-98.31999999999971,-0.09701297470498105,-60.0,0.03899999999998727,6748.0,0.10000000000000053,2.7755575615628914e-17,-1.799999999999983,-19.099999999999966,-2.933863636363604,8.309000000000026,-2.1391363636364034,2.0415000000000134,0.8000000000000114,-0.2560000000000002,0.0,0.6999999999999886,-1.317100000000039,-0.7456999999999994,4.339500000000001,-0.6256000000000057,-22.69999999999999,-127.0,-0.38579999999998904,-2.6000000000000227,-1.0,0.010000000000000009,-1.5,14.0,11.0,-0.1360000000000241,-1.400000000000034,4.299999999999997,1.0,2.2584786548742066,35.612323945656485,38.34299769421522,5.281647148813053,-5.29002236764019,35.83827255947875,24.495656931654928,-8.957218302530988
2015-04-30,-0.3999999999999915,0.3000000000001819,2.9000000000000057,110.20000000000073,16.989999999996144,0.0410414828720036,90.0,-0.3879999999999768,-5527.0,0.09999999999999964,-2.7755575615628914e-17,2.0,15.299999999999955,6.420000000000002,-11.937000000000012,3.598181818181807,4.227500000000006,-0.39999999999997726,0.2430000000000092,-4.800000000000011,-1.0,0.5467000000000439,0.5974999999999966,-3.2110999999999876,0.3521000000000072,10.900000000000006,839.0,-0.20190000000000907,2.2999999999999545,2.1999999999999886,0.0,2.1000000000000085,-13.599999999999994,-12.0,-2.6440000000000055,2.8000000000000114,-4.6000000000000085,1.0,18.08183372171447,-12.627115914159448,43.480802670294835,27.445477829408272,-0.7446984715310706,12.605910240801707,46.000643943297675,-21.40460655523203
2015-05-31,0.7999999999999972,0.4000000000005457,-5.200000000000003,-22.700000000000728,-23.669999999996435,-0.025164361307020044,109.0,0.5329999999999586,3095.0,0.1999999999999993,0.03,12.199999999999989,2.6000000000000227,5.058744588744602,-0.6429999999999723,5.171883116883201,5.310099999999991,1.6999999999999318,-1.2202000000000055,0.0,1.3000000000000114,-2.6162000000000205,-2.068099999999987,2.0734999999999886,-0.9377000000000066,-11.299999999999983,-25.0,-1.236699999999999,-0.9999999999998863,5.684341886080802e-14,-0.010000000000000009,-1.2000000000000028,-6.199999999999989,1.3999999999999773,15.015000000000043,-2.400000000000034,0.5000000000000142,1.0,4.190898804257434,5.294808648509369,-4.248632531482563,-1.8847508997011455,3.0292303786407957,-0.6512228603763135,1.0551994037617787,-4.438586293836547
2015-06-30,0.19999999999998863,9.599999999999454,5.3999999999999915,-16.600000000000364,28.979999999995925,0.09271835899100722,97.0,-0.1229999999999336,-2752.0,-0.4999999999999991,0.010000000000000009,1.9000000000000057,-0.6000000000000227,0.5421645021644963,-1.1390000000000668,-2.215519480519511,4.253100000000003,-1.6999999999999318,-0.34959999999999525,0.0,0.20000000000001705,1.5157999999999845,1.1031999999999869,-0.3336000000000041,0.42549999999999955,-9.0,115.0,3.1969999999999885,-0.3000000000000682,1.9999999999999432,0.0,0.29999999999999716,-7.099999999999994,11.100000000000023,-4.892000000000053,1.3000000000000114,4.299999999999997,1.0,3.312729187298327,14.547293869519546,5.5984920711538715,8.179434929901147,16.903530922894856,6.386437277534452,5.683293932067232,14.486745164749845
2015-07-31,-0.4999999999999858,-3.899999999999636,-3.0,0.7000000000007276,4.3400000000056025,-0.1264368502850033,-231.0,-0.2790000000000248,2167.0,0.20000000000000018,-0.01999999999999999,-12.700000000000017,-2.3000000000000114,-8.642806324110701,-7.956999999999994,-6.480256916995998,1.6807999999999907,-2.000000000000057,-0.1968000000000103,11.900000000000034,0.8999999999999773,0.7191000000000258,0.12399999999999523,2.656700000000008,-0.02200000000000557,2.6999999999999886,513.0,-1.0561999999999756,0.39999999999997726,-3.7999999999999545,0.0,-0.8000000000000114,29.299999999999983,-7.300000000000011,-8.921999999999969,1.400000000000034,-2.8000000000000114,1.0,9.453830847786412,23.459599672461167,15.414515272033208,4.088919318549069,-1.0212595341705888,6.185926924574167,9.289399733170438,-2.1907335633834677
2015-08-31,-0.5000000000000142,-11.199999999999818,-1.1999999999999886,-5.100000000000364,-10.840000000003783,-0.07336607071698609,30.0,-0.37800000000004275,-3095.0,-8.881784197001252e-16,0.06,-15.999999999999986,1.8000000000000114,-8.298405797101502,-9.496999999999957,-8.871366459627389,1.1403000000000105,2.0,-0.41389999999999816,0.0,-1.5999999999999943,-1.5899000000000285,-0.37989999999999213,-0.5787000000000049,-0.7261999999999915,9.0,-1130.0,-0.5653000000000219,-1.6999999999999318,0.0999999999999659,0.010000000000000009,1.90000000000002,4.800000000000011,-7.099999999999966,0.9569999999999936,-1.6000000000000227,-2.5999999999999943,1.0,2.6599510690342316,1.5697675890513225,3.6373252035812853,3.9635479725977003,0.9412015802464927,3.4134058568194057,1.933322259293989,-1.9953920338054023
2015-09-30,0.30000000000001137,5.899999999999636,-4.700000000000003,6.0,16.340000000000146,0.01837545882797542,-23.0,-0.5339999999999634,-1152.0,8.881784197001252e-16,-0.06,-1.0,3.000000000000057,2.6180303030303094,-6.652000000000015,0.2402597402597877,-5.29440000000001,-0.0999999999999659,0.21300000000000807,0.0,0.0,1.1841000000000292,0.7861000000000047,0.6913000000000054,0.41219999999999857,5.300000000000011,48.0,0.04290000000000305,0.8999999999998636,-1.1999999999999886,0.010000000000000009,-0.10000000000000853,-30.0,-6.2000000000000455,-0.21600000000000819,1.0,-2.6999999999999886,1.0,1.1052627606788827,2.6792951256391957,0.9498525992361971,1.9862152632097723,1.1414024137754921,0.9488917433067405,1.5531185492761064,-0.13469345725434168
2015-10-31,0.20000000000000284,5.899999999999636,2.799999999999997,-23.799999999999272,-45.11999999999898,0.19629628611103556,22.0,0.7700000000000102,-26.0,0.09999999999999964,-0.030000000000000027,0.29999999999999716,-1.5000000000000568,0.7149999999999963,-0.2699999999999818,0.8895454545454058,-0.36309999999998865,0.19999999999998863,-1.1921999999999997,0.0,-1.5999999999999943,-2.577600000000018,-2.014700000000005,0.4947999999999908,0.261099999999999,-18.5,-56.0,0.13790000000001612,1.1368683772161603e-13,0.6999999999999886,0.010000000000000009,-0.7999999999999972,5.699999999999989,19.600000000000023,6.9319999999999595,-0.8000000000000114,7.599999999999994,1.0,2.3190207268644856,-0.7216396373569797,2.8563558115402823,-0.20392428248693856,1.4441048284943059,3.003615541470512,0.6952058322842721,1.1155216379645607
2015-11-30,0.19999999999998863,-4.699999999999818,1.2999999999999972,-28.900000000001455,85.83000000000175,0.08567283023697314,86.0,0.04899999999997817,2766.0,0.09999999999999964,0.07,-13.099999999999994,-18.600000000000023,-3.543982683982698,0.19700000000000273,-3.706948051948004,0.5542999999999978,-0.30000000000001137,-1.5405000000000086,0.0,1.3999999999999773,-0.37539999999998486,-0.5568000000000097,0.7352000000000061,0.11520000000000152,-3.700000000000017,-154.0,-0.058400000000020214,1.7000000000000455,0.7000000000000455,0.010000000000000009,-0.7000000000000028,-8.199999999999989,-9.5,-0.06299999999993133,-0.5,-3.500000000000014,1.0,1.8828779038084664,-0.8156860848183379,0.9849224237529095,-6.408109738529784,4.4341718890369215,1.1676945320810868,1.0147119764987718,1.5724218807489934
2015-12-31,-0.9999999999999858,-4.299999999999272,1.2999999999999972,66.5,-45.385000000005675,-0.019107626175994596,-38.0,-0.539999999999992,-367.0,-0.1999999999999993,0.19000000000000006,-11.700000000000003,17.500000000000057,-5.4110766045548,-13.908000000000044,-6.695403726708101,-2.318700000000007,0.30000000000001137,0.7563000000000102,0.0,0.20000000000001705,3.243499999999983,3.1122000000000014,1.0822000000000003,-0.2570999999999941,-1.0999999999999943,72.0,-0.39859999999998763,-0.10000000000013642,0.5999999999999659,0.010000000000000009,0.09999999999999432,-11.200000000000017,-0.5,-5.461999999999989,0.6000000000000227,-0.29999999999998295,1.0,1.4824968757828112,5.498680754860152,9.276368264653835,25.1123378872785,4.60220608867758,3.5755220646704413,6.794758982475862,-0.1888991750589846
2016-01-31,-1.0000000000000142,6.099999999999454,-0.5999999999999943,6.600000000002183,47.330000000003565,-0.08241206067998519,-37.0,0.32200000000000273,-2730.0,0.0,-0.21000000000000013,-8.0,-7.800000000000011,-5.5365424430642065,-9.846999999999952,-6.918405797101496,2.0268999999999977,0.0,-0.11960000000000548,0.0999999999999659,0.30000000000001137,-1.193399999999997,-1.268999999999977,-2.2369999999999948,1.0679999999999978,-0.5999999999999943,584.0,1.3974000000000046,-0.7999999999999545,2.2999999999999545,0.0,0.20000000000000284,2.0,13.100000000000023,0.22599999999994225,-0.5,5.099999999999994,1.0,1.566486261412506,2.323313722126442,2.0524670805778777,2.5981263526889107,1.4114616347805775,0.6658507680514771,1.446106702244415,1.5601357821155277
2016-02-29,1.0,-3.0,-0.29999999999999716,-41.80000000000291,-5.344999999999345,-0.049499824642026624,16.0,-0.3789999999999907,4535.0,0.09999999999999964,-0.05999999999999983,-6.700000000000003,9.899999999999977,-1.3561904761904948,-5.324000000000012,2.3947619047618964,-6.171199999999992,-0.19999999999998863,-0.6294999999999931,0.0,-1.3000000000000114,-1.8336999999999932,-0.7533000000000243,2.794499999999992,-1.0341000000000093,-0.700000000000017,-740.0,-1.5907000000000124,0.7000000000000455,-2.7999999999999545,0.019999999999999796,1.2000000000000028,-0.799999999999983,-11.400000000000034,-1.7980000000000018,-0.4000000000000341,-4.599999999999994,1.0,-2.7870202336395784,2.0417049395413405,1.4361122814572493,-4.069052999774198,13.014080632609566,-5.368834881129802,-6.579338856427752,2.4481596471147697
2016-03-31,1.1000000000000085,7.099999999999454,-0.7000000000000028,1.2000000000025466,-37.159999999999854,-0.0024546866579839843,-79.0,0.7889999999999873,-4060.0,0.09999999999999964,0.039999999999999925,5.299999999999997,0.5,7.425341614906895,0.23099999999996612,5.873643892339601,5.229299999999995,0.19999999999998863,-0.44720000000000937,0.0,-0.6999999999999886,2.2279000000000053,0.21420000000000528,-2.0878999999999976,0.9010000000000105,-6.899999999999977,1415.0,1.6756000000000029,-0.7999999999999545,0.9000000000000341,-0.019999999999999796,-0.7999999999999972,5.799999999999983,11.400000000000034,1.9320000000000164,0.7000000000000455,4.699999999999989,1.0,1.3068650230404926,2.216478950892847,1.339073687234167,2.128189724445083,1.729889337495573,0.9715175270906437,1.065849593730397,1.7607035804538367
2016-04-30,0.4000000000000057,1.6000000000003638,-2.0,-33.10000000000218,18.07999999999811,0.06075569530999303,39.0,0.3689999999999998,3420.0,-0.09999999999999964,-0.010000000000000009,10.900000000000006,-0.5999999999999659,3.1889440993788085,3.3640000000000327,3.175879917184197,0.24830000000000751,-0.30000000000001137,-1.292900000000003,3.900000000000034,-1.3000000000000114,-2.6847000000000207,-1.1943999999999733,-0.2589000000000041,-0.8561000000000121,12.699999999999989,-600.0,-1.1174000000000035,-0.3000000000000682,0.7999999999999545,-0.010000000000000009,-1.5,-6.899999999999977,-14.500000000000057,2.13900000000001,0.7999999999999545,-5.599999999999994,1.0,1.843718226590347,-0.6761803596708739,3.1744225288229835,0.5915338919944084,-0.30668062690228554,1.524162752483256,2.3243710682963217,-1.395788720569251
2016-05-31,0.0999999999999801,-10.099999999999454,5.700000000000003,8.100000000002183,0.8000000000010914,0.09846330196600661,36.0,-0.2400000000000091,-888.0,-0.20000000000000018,0.019999999999999907,11.399999999999991,2.099999999999966,5.8830519480519925,8.095999999999975,4.885108225108304,-0.10840000000000316,0.30000000000001137,0.3593000000000046,0.19999999999998863,0.19999999999998863,3.3305000000000007,2.2673999999999523,-1.2228999999999957,-0.13269999999999982,0.9000000000000057,-161.0,-0.16789999999998884,1.2999999999999545,-0.8999999999999773,0.019999999999999796,1.5999999999999943,0.5,-5.099999999999966,0.20800000000002683,1.0000000000000568,-2.200000000000003,1.0,2.352220183927514,0.02914568685263373,-8.518608360404793,-8.555101849461103,20.105572680278968,-8.278206779743051,-1.3511422014044656,23.82543055599692
2016-06-30,-0.6999999999999886,2.2999999999992724,-1.2000000000000028,17.299999999999272,-13.599999999998545,-0.14175948721299392,8.0,0.09900000000001796,3251.0,0.3000000000000007,-0.039999999999999813,9.100000000000009,-1.8999999999999773,1.9027272727273044,8.194999999999993,1.3454545454545013,3.9490999999999943,0.0,-0.29640000000000555,0.0,-1.0,-0.9971999999999639,-0.9080999999999619,3.5975000000000037,-1.0641999999999996,5.199999999999989,93.0,-0.2803000000000111,-1.5,1.5,0.0,-0.29999999999999716,4.699999999999989,23.5,-1.4720000000000368,-2.7000000000000455,9.200000000000003,1.0,0.11043910385501073,-1.6125133162374676,2.0326422506575863,6.12558885365214,-2.042068931931516,1.3000843789983076,4.807802973194079,-6.423900217448925
2016-07-31,1.7000000000000028,4.800000000001091,-3.5,32.899999999999636,-18.850000000002183,-0.12231892112301068,-9.0,-0.7370000000000232,-4732.0,-0.20000000000000107,0.08999999999999986,8.299999999999997,0.0999999999999659,-3.8567316017316102,-0.9509999999999934,-3.407229437229404,0.7790000000000035,0.0,-0.4309999999999974,-3.8000000000000114,1.6000000000000227,-0.5736000000000274,-0.1751000000000147,-0.8971000000000089,-0.24969999999999004,-11.400000000000006,-224.0,-0.1898999999999944,1.3000000000000682,-2.2000000000000455,0.010000000000000009,-1.0,12.5,-9.399999999999977,-3.041999999999973,0.30000000000001137,-3.5999999999999943,1.0,0.05520501316380312,-0.5033803314161112,-0.30595836145898375,2.7199001738890085,-0.8729733553060317,0.869365960350876,0.37877793413469135,0.7782228946541326
2016-08-31,-2.4000000000000057,2.3999999999987267,-0.20000000000000284,-23.100000000000364,44.31999999999971,0.03996366090800052,20.0,0.5170000000000243,320.0,0.20000000000000107,0.040000000000000036,-6.700000000000003,-4.2999999999999545,-0.14277432712218996,-1.9439999999999884,1.0733954451345014,-0.0007999999999981355,-1.1999999999999886,-0.5099999999999909,0.0,1.299999999999983,1.1981999999999857,-0.08559999999999945,-1.2441999999999922,-0.13850000000000762,8.100000000000023,-226.0,0.19370000000000687,0.20000000000004547,0.4000000000000341,0.020000000000000018,1.9000000000000057,-1.0999999999999943,-8.900000000000034,3.4939999999999714,1.0,-3.500000000000014,1.0,0.4871747987857668,-1.937380567127907,2.5788119543560613,5.299745108943574,4.705885575733179,-3.7068238912074327,1.3523282124390548,-0.973259389754144
2016-09-30,1.0000000000000142,-10.099999999999454,1.4000000000000057,25.399999999999636,-26.1399999999976,0.08519431479800232,76.0,-0.011000000000024102,1700.0,-8.881784197001252e-16,-0.08999999999999997,5.299999999999997,5.099999999999966,0.4181422924901028,0.8319999999999936,0.04428853754949813,0.28949999999999676,1.1999999999999886,-1.2719000000000023,-1.3999999999999773,-1.6999999999999886,-3.1667999999999665,-1.0126999999999953,1.4475999999999942,0.8242000000000047,-2.4000000000000057,1458.0,0.8590999999999838,-1.8000000000000682,0.5,-0.030000000000000027,-0.30000000000001137,-14.800000000000011,-14.299999999999983,-1.0120000000000005,-2.1999999999999886,-5.299999999999983,1.0,1.48683542127481,1.9384128178547269,-0.7381590204348553,-7.109455595477873,-1.5289291920288577,2.350112673651481,4.618180021238442,-3.5982664719170114
2016-10-31,-0.4000000000000199,3.699999999999818,-4.0,-15.199999999998909,-0.26000000000203727,0.09429458138700397,-2.0,0.10000000000002274,-225.0,-0.1999999999999993,-0.050000000000000044,12.200000000000017,-6.899999999999977,4.717965367965398,6.2590000000000146,3.5437445887446017,1.4881000000000029,0.0,1.4132000000000033,-0.10000000000002274,1.0999999999999943,6.513699999999972,3.7342999999999904,-0.519999999999996,0.08039999999999736,4.299999999999983,-1438.0,0.15860000000000696,0.2999999999999545,0.30000000000001137,0.020000000000000018,7.700000000000003,1.4000000000000057,28.099999999999966,-2.6989999999999554,0.19999999999998863,10.599999999999994,1.0,1.069785593307202,2.2658761235597447,-3.2542172029476575,2.8963715304795414,-0.8227357882801888,-1.8068985881928807,-7.17489905652664,-7.879941213640143
2016-11-30,-0.3999999999999915,-3.2999999999992724,6.599999999999994,2.600000000000364,9.409999999999854,0.24761187863201428,-35.0,-0.22100000000000364,-2881.0,-0.10000000000000053,0.020000000000000018,-12.0,7.599999999999966,-4.262056277056303,1.1450000000000102,-3.2964718614719004,-1.046599999999998,0.5,-0.10500000000000398,-0.0999999999999659,1.0999999999999943,-3.7603999999999758,-2.03179999999999,2.3044999999999973,0.4895000000000067,-1.8999999999999773,190.0,-0.4636999999999887,1.1000000000000227,-0.5,0.0,-7.799999999999997,-5.699999999999989,-5.19999999999996,4.213999999999942,1.0,-1.9000000000000057,1.0,0.7333944195416104,23.76245541110498,-2.557131147155334,-0.21797949568834363,12.05522089816959,2.6429284560646584,-0.3231143759888052,27.711554171902215
2016-12-31,-0.5999999999999943,18.399999999999636,4.400000000000006,-8.900000000001455,-48.05499999999665,0.008105895379969752,11.0,0.36700000000001864,7159.0,0.20000000000000018,0.17000000000000004,25.799999999999983,0.6000000000000227,6.3904545454546025,7.8589999999999804,7.630454545454505,1.6182999999999979,-0.5,-0.16540000000000532,0.0,-2.5999999999999943,0.42389999999997485,-0.022700000000000387,-1.2988999999999962,0.5892999999999944,-5.800000000000011,755.0,1.3407999999999873,-2.2999999999999545,-0.8000000000000114,-0.010000000000000009,0.20000000000000284,2.799999999999983,6.800000000000011,3.390000000000043,0.5,2.5999999999999943,1.0,1.3571569201623106,1.9716999649501965,2.6422381597239166,0.7340373173663668,2.2629021805646583,1.7378346077800484,2.2265399922564324,2.9006381940787502
2017-01-31,-2.3000000000000114,-2.100000000000364,0.29999999999999716,65.40000000000146,42.70999999999731,-0.1857667866929944,64.0,0.28599999999997294,-1974.0,0.0,-0.13,10.5,-0.39999999999997726,0.5459090909090989,6.412000000000006,0.8263636363636948,0.5330999999999975,-0.39999999999997726,0.6884000000000015,-0.10000000000002274,0.5,1.1148000000000025,1.243099999999984,0.3632999999999953,-0.19110000000000582,2.3000000000000114,-288.0,-3.2900999999999954,3.199999999999932,4.5,0.0,-5.299999999999997,3.3000000000000114,-9.100000000000023,-1.3520000000000323,0.5999999999999659,-3.299999999999983,1.0,1.4758179895862895,4.313849262855548,-1.233044984824262,1.0474527558244793,-0.9967086935847296,-1.8534137674321713,-2.240491008837488,0.6117154248265763
2017-02-28,3.4000000000000057,-21.100000000000364,-2.200000000000003,-31.600000000002183,3.4549999999981083,-0.15750824519199114,-74.0,-0.6940000000000168,-5102.0,-0.10000000000000053,-0.06000000000000005,-6.0,9.199999999999989,0.8419545454544988,-0.6839999999999975,0.6007727272726981,-0.7548999999999992,0.49999999999994316,1.491500000000002,-0.10000000000002274,2.0,2.175200000000018,1.185600000000008,1.785500000000006,-0.8750999999999891,1.1999999999999886,303.0,1.5264999999999986,1.5000000000001137,-1.900000000000034,-0.010000000000000009,5.299999999999983,-4.700000000000017,-1.0,-0.18399999999996908,-0.9999999999999432,-0.8000000000000114,1.0,1.4614071771614192,0.6932351613027034,-1.4574234511181083,-0.6035931302259631,-1.307699835749407,-2.05245537239469,-3.1737970843249887,1.0079836853229875
2017-03-31,0.0,7.800000000001091,0.6000000000000085,17.00000000000182,-4.239999999997963,-0.017943012800998304,39.0,-0.617999999999995,393.0,-0.09999999999999876,0.14,-24.69999999999999,1.4999999999999432,-3.8167173913042944,-1.0460000000000207,-3.525239130434798,0.3702000000000041,-0.0999999999999659,0.32859999999999445,0.0,-2.0999999999999943,-3.342199999999991,-1.5168999999999926,-4.5767000000000095,0.8109999999999928,-7.300000000000011,-629.0,0.7377000000000038,-1.7000000000000455,-0.8999999999999204,0.010000000000000009,-0.799999999999983,-1.799999999999983,-4.699999999999989,-1.0400000000000773,1.1999999999999886,-1.5,1.0,1.7437617301169595,-4.487260457550766,-4.062463417859838,-1.3534080848267442,-0.10978737480945065,-1.1050839820150735,-3.3063751386980162,-3.460607623976808
2017-04-30,0.9000000000000057,1.1999999999989086,0.09999999999999432,-77.5,-16.724999999998545,-0.008856426893999014,-41.0,0.6440000000000339,3879.0,0.1999999999999993,-0.05999999999999994,13.799999999999983,-10.699999999999932,1.583217391304295,1.1800000000000068,1.0952391304347984,0.2867999999999924,0.10000000000002274,-0.3470999999999975,-4.899999999999977,4.0,0.21169999999997913,-0.8466999999999985,3.40270000000001,0.7036999999999978,9.300000000000011,336.0,-0.16210000000000946,0.09999999999990905,-0.10000000000007958,-0.010000000000000009,3.0999999999999943,-4.700000000000017,11.399999999999977,-1.3439999999999372,-2.400000000000034,4.200000000000003,1.0,0.47727520821584063,-7.750322818789761,-2.454545030814402,-3.2364690928210806,5.653454798233032,2.9591245920987643,10.153288043304695,4.124819690457134
2017-05-31,-0.7000000000000028,-5.699999999998909,0.09999999999999432,68.60000000000036,13.809999999997672,-0.0310054761870191,-44.0,-0.4690000000000225,-5280.0,0.0,-0.030000000000000027,-7.099999999999994,0.6999999999999886,-2.608434782608697,-3.8899999999999864,-2.1926304347826004,-2.131999999999991,-0.20000000000004547,0.7378999999999962,0.0,-1.5,1.8308999999999855,1.6030999999999835,-0.07770000000000721,1.0878000000000014,3.9000000000000057,-949.0,1.1258000000000123,-0.8999999999998636,-1.599999999999966,0.020000000000000018,-2.799999999999997,9.100000000000023,-15.600000000000023,-3.978999999999985,1.5,-5.799999999999997,1.0,-0.3217117201743127,-2.514227190013614,-2.730329557085494,-2.7867052827096996,0.8246153959741921,-0.19856337210557407,-3.70449692736966,3.4650837934858125
2017-06-30,-1.4210854715202004e-14,2.2999999999992724,-2.0999999999999943,-72.90000000000146,-36.794999999998254,-0.03398453246796862,116.0,0.3850000000000193,4319.0,-0.10000000000000053,0.08999999999999986,-4.099999999999994,0.5,-3.3918379446640046,-2.2580000000000098,-3.9763241106718965,1.2976999999999919,0.10000000000002274,0.30120000000000857,0.0,0.29999999999998295,-1.5536999999999637,-0.49819999999996867,0.4813000000000045,0.4642000000000053,8.099999999999994,819.0,-0.9486000000000132,0.6999999999999318,1.3000000000000114,-0.010000000000000009,-0.20000000000000284,2.5,19.60000000000008,-1.211999999999989,-1.3999999999999773,7.3999999999999915,1.0,1.57934527041625,0.6232449252881779,-2.8940091055433994,-2.087092578086737,0.517165647608541,-0.453964500259493,-2.9454969055159603,2.750359166753433
2017-07-31,0.700000000000017,5.300000000000182,-1.5999999999999943,52.100000000000364,25.49999999999818,0.06361750864996907,-62.0,-0.10400000000001342,-1486.0,0.10000000000000053,-0.04999999999999982,-0.5,-2.500000000000057,1.506082251082205,-2.8940000000000055,1.795454545454497,-3.547699999999992,-0.2999999999999545,0.3632999999999953,0.6999999999999886,0.0,1.22199999999998,0.19559999999998468,-2.736700000000006,0.7372000000000014,-5.699999999999989,85.0,0.44120000000000914,0.5,-1.400000000000034,0.0,-9.200000000000003,23.5,-16.500000000000057,7.139999999999986,0.30000000000001137,-6.3999999999999915,1.0,2.4305127490076943,4.2119153605086055,1.1413777095943878,15.09496534710694,5.017461237160214,-1.116438925241655,-4.950286419708431,0.9629455708891559
2017-08-31,-0.6000000000000085,-6.800000000000182,3.3999999999999915,-14.099999999998545,4.9950000000008,0.13488228213802245,60.0,0.8269999999999982,88.0,0.10000000000000053,-0.030000000000000027,3.6999999999999886,6.300000000000068,1.357929606625298,8.37700000000001,2.6795652173913,-1.4448000000000008,0.2999999999999545,-0.9077999999999946,0.0,0.5000000000000284,-2.2226,-1.6801000000000101,0.2991000000000099,-2.5696999999999974,-0.20000000000001705,-343.0,-0.9335000000000093,-2.5,1.2000000000000455,0.0,9.799999999999997,-0.4000000000000057,-1.0,-4.8320000000000505,1.8000000000000114,-0.20000000000000284,1.0,-14.014638856634168,-0.41430854812802204,-51.95332289893484,-27.09151962886444,-4.88023392841586,-8.373336429606303,-47.66292643038945,-96.82788051812676
2017-09-30,-0.19999999999998863,-1.7999999999992724,-1.7000000000000028,10.099999999998545,-23.734999999998763,0.023890200303981146,-54.0,0.16499999999999204,8546.0,-0.3000000000000007,-0.030000000000000027,4.200000000000017,-5.0,1.674451345755699,9.589999999999975,3.793291925465809,0.7646999999999906,-0.10000000000002274,1.0751999999999953,0.0,1.9999999999999716,3.7091000000000065,2.9214000000000055,1.8190999999999917,-2.205600000000004,1.3000000000000114,310.0,1.1225000000000165,1.3999999999999773,-0.5,-0.010000000000000009,-0.3999999999999915,-15.5,0.9000000000000341,1.9960000000000377,-1.0000000000000568,0.20000000000000284,1.0,-3.9337101415833864,3.5866617488530674,4.245376580069729,1.2991236845406673,4.226462766282881,2.898845813095762,4.004894763773537,-2.1515632346165043
2017-10-31,-1.4210854715202004e-14,-6.800000000001091,5.6000000000000085,10.399999999999636,21.224999999998545,0.028316255043023375,88.0,-1.0159999999999911,-8109.0,0.09999999999999964,0.010000000000000009,3.1999999999999886,-0.5000000000000568,1.8583549783549955,1.7580000000000382,2.4548701298701943,0.1525000000000034,1.0,1.1454999999999984,0.0,-3.0999999999999943,-0.6887000000000114,0.2383999999999844,-1.3007999999999953,5.228099999999998,1.299999999999983,596.0,0.07729999999997972,4.600000000000023,2.499999999999943,0.0,9.799999999999997,4.699999999999989,18.199999999999932,2.0330000000000155,1.1000000000000796,7.0,1.0,1.8516282231992844,1.8146221244283518,1.936655656448098,-0.9680388125984236,2.253325821953757,1.235149861835851,-0.37373126613228685,2.7450002417108847
2017-11-30,-0.5,2.100000000000364,-2.200000000000003,-3.999999999998181,-30.950000000000728,-0.16653162377801323,-35.0,0.6380000000000052,1944.0,0.20000000000000107,0.050000000000000044,8.900000000000006,1.8000000000000682,5.1459090909091,10.753999999999962,4.957727272727205,0.098700000000008,-0.9999999999999432,1.3166000000000082,0.0,0.700000000000017,1.2191000000000258,0.3905000000000314,-0.4381000000000057,0.5254999999999939,1.5,311.0,-1.45089999999999,-7.0,-1.599999999999966,-0.019999999999999796,-9.299999999999997,-3.6999999999999886,-8.999999999999943,-2.5740000000000123,-1.5000000000000568,-3.5,1.0,0.26507199745531707,1.3540870258810198,3.07125594674726,-3.6692056218669125,3.5148257797671554,-0.4937101474866733,-2.011162443962864,-3.5181421699870628
2017-12-31,0.9000000000000057,5.0000000000009095,-2.5999999999999943,20.19999999999891,13.875000000001819,-0.06133213572000784,1.0,-0.24899999999999523,-1067.0,-0.20000000000000107,0.15999999999999992,5.900000000000006,0.7999999999999545,1.2519264069264082,3.8180000000000405,1.6364502164502852,1.915399999999991,0.0999999999999659,0.1488999999999976,-1.8999999999999773,-0.9000000000000057,-2.597500000000025,-1.570100000000025,1.163800000000009,-0.08329999999999416,0.9000000000000057,-926.0,1.448900000000009,5.399999999999977,0.30000000000001137,0.0,-0.10000000000000853,8.0,-15.100000000000023,1.1259999999999764,-0.8999999999999773,-5.700000000000003,1.0,0.4334627327829152,1.2687349352408726,0.8145648158680939,1.1357945370157627,2.478265454441788,0.9009878016128899,1.241156110389315,4.0941831823705535
2018-01-31,0.4000000000000057,2.3999999999987267,-0.20000000000000284,77.59999999999854,-20.215000000000146,0.10974420784199879,69.0,0.45499999999995566,-1241.0,0.10000000000000053,-0.13000000000000012,7.199999999999989,-6.899999999999977,5.594575569358099,16.694000000000017,4.774616977225605,0.7460999999999984,1.599999999999966,-1.4144000000000005,0.8999999999999773,3.0,-1.4017000000000053,-2.2053999999999974,-0.28890000000000526,-1.2918999999999983,1.9000000000000057,-51.0,-1.2048000000000059,-4.399999999999977,0.8999999999999773,0.0,2.1000000000000085,-12.0,11.000000000000057,-0.867999999999995,0.39999999999997726,4.3999999999999915,1.0,0.9202718680122165,0.7425124266150538,2.1929648933374692,1.9199850568792327,1.3566434810341583,1.229941938575407,3.2628281583610663,0.8287199633803648
2018-02-28,-0.20000000000000284,14.600000000000364,4.0,-103.59999999999854,15.829999999998108,0.127703983269015,-45.0,-0.30999999999994543,-230.0,0.0,0.060000000000000275,1.8000000000000114,5.999999999999943,-1.4069565217391045,-6.326000000000022,-3.5645217391303987,0.7668000000000035,-1.6999999999999318,0.8246999999999929,0.0,-1.8000000000000114,3.5490000000000066,3.3889000000000067,-0.2915000000000063,0.6431999999999931,7.0,-72.0,0.8699999999999903,-1.5,-0.5,0.0,-1.7000000000000028,-2.0999999999999943,6.89999999999992,1.8110000000000355,2.1999999999999886,2.3000000000000114,1.0,1.8521642345194893,1.495266308296319,2.9391896582040093,2.620599352140868,2.65135758396989,3.9512854838010933,3.66165728145032,2.6039211497971175
2018-03-31,-0.4000000000000057,-20.799999999999272,1.7000000000000028,16.5,21.760000000002037,-0.05926015304001453,67.0,-0.7210000000000321,-1287.0,-0.09999999999999964,0.1499999999999999,-16.400000000000006,-1.9999999999999432,0.7113636363636004,-0.7660000000000196,1.0234545454544985,-0.27829999999998734,0.2999999999999545,-0.01630000000000109,0.0,2.3000000000000114,-1.1600999999999715,-1.1599999999999966,-0.7599999999999909,0.6006,2.6000000000000227,-26.0,-1.6577999999999946,-0.8999999999999773,0.5000000000000568,0.0,-0.5999999999999943,-2.0,5.600000000000023,-0.36099999999999,-3.6999999999999886,2.299999999999997,1.0,20.272122846402652,-3.101884784309028,16.166582828707057,37.721692654070466,-16.96041033230315,14.798780759121373,12.59933205936887,-20.230341764407296
2018-04-30,0.10000000000000853,6.799999999999272,-2.6000000000000085,-37.599999999998545,-16.895000000002256,-0.1460315241739778,-30.0,0.606000000000023,3443.0,0.09999999999999964,-0.17999999999999994,7.699999999999989,1.5,3.4591125541126146,3.7509999999999764,5.182164502164497,-0.1623000000000161,-0.19999999999998863,-0.1425999999999874,-3.0,-1.9000000000000057,-0.24000000000003752,-0.13249999999999318,3.853999999999999,0.7653000000000105,-2.8000000000000114,-46.0,1.4627000000000123,6.099999999999909,-2.400000000000091,0.010000000000000009,-1.7000000000000028,-3.1000000000000227,-10.399999999999977,-2.8910000000000764,2.7000000000000455,-4.200000000000003,1.0,1.011966759835741,0.7097518849812252,-4.273887076230437,0.5540426239070972,-5.436704211509437,-2.303733238810116,-2.4049348110778026,2.6399556443204855
2018-05-31,-0.5000000000000142,10.400000000000546,-0.7999999999999972,12.19999999999709,22.06500000000233,-0.03362482606200956,-55.0,0.13899999999998158,2051.0,-0.20000000000000018,-0.16000000000000014,10.700000000000017,2.599999999999966,3.5721325051759862,0.7470000000000141,5.019337474120093,0.39570000000000505,0.0,-0.40030000000000143,-3.3000000000000114,0.09999999999999432,-1.4225999999999885,-0.3508000000000209,-3.5438000000000045,0.501899999999992,1.8000000000000114,476.0,-0.4449000000000183,-1.7999999999998408,1.7000000000000455,-0.010000000000000009,1.8999999999999915,3.6000000000000227,-9.0,0.9650000000000318,-1.2000000000000455,-3.0999999999999943,1.0,0.6351965196801442,3.0065889713773712,4.718859245802853,3.658603972285132,6.073037059148519,2.500503684306257,2.9175445995202183,-1.9259534998468621
2018-06-30,-0.6999999999999886,-4.400000000000546,0.20000000000000284,15.400000000001455,-0.46999999999934516,0.026810003757987033,-15.0,-0.14699999999999136,-5222.0,0.40000000000000036,0.06999999999999984,-2.200000000000017,-2.099999999999966,-2.369751552795094,4.63900000000001,-1.455527950310497,-0.6705000000000041,-0.19999999999998863,1.3637999999999977,0.0,0.19999999999998863,5.022800000000018,2.7694000000000187,1.3984000000000023,0.4158000000000044,0.19999999999998863,104.0,0.1273000000000053,-1.1368683772161603e-13,-0.5999999999999659,0.0,-0.3999999999999915,5.599999999999994,16.099999999999966,-1.8279999999999745,1.0,5.8999999999999915,1.0,0.7067517310194911,1.3230787808459568,-0.5735929060781279,2.100619269519242,-0.7431473997357726,0.23960035323177453,-2.7953881083231207,0.15250724581002476
2018-07-31,0.7999999999999972,-10.300000000000182,-0.29999999999999716,1.0,-24.405000000004293,0.02544556972600276,10.0,-0.22999999999998977,2669.0,-0.40000000000000036,-0.04999999999999982,10.200000000000017,-3.1000000000000227,3.4685064935064815,1.1480000000000246,-0.7537012987012872,-4.001999999999995,0.2999999999999545,0.6403999999999996,12.300000000000011,-0.5999999999999659,-2.3354000000000212,-1.0945000000000107,-1.150500000000001,0.7984000000000009,-0.6000000000000227,-729.0,0.7965000000000089,-1.6000000000000227,-0.5000000000000568,0.010000000000000009,-0.8000000000000114,30.0,-9.699999999999932,10.377999999999986,-0.19999999999998863,-3.5999999999999943,1.0,-0.22599872348935185,-1.2461378509411032,2.878784737375864,2.649600888322369,-2.5385040698124723,0.3979983306607698,-1.3395493519373223,-0.4127800684462043
2018-08-31,-0.09999999999999432,5.700000000000728,-1.7000000000000028,12.400000000001455,1.61000000000422,0.04103209246800077,-49.0,0.11699999999999022,-3737.0,0.20000000000000018,0.040000000000000036,-7.300000000000011,1.6000000000000227,-3.002667984189685,4.639999999999986,-1.3090316205533838,2.4492000000000047,1.0000000000000568,1.6440999999999946,0.0,-0.20000000000001705,1.9843999999999937,1.5980000000000132,0.38180000000000547,-0.004400000000003956,-0.6999999999999886,535.0,-1.11160000000001,3.7000000000000455,0.6000000000000227,0.0,1.5000000000000142,-8.5,-6.000000000000057,-2.8489999999999895,-0.5,-2.1999999999999886,1.0,1.494504807952026,1.430897213673079,-1.1177625755325014,0.8506414355785692,2.872674461519607,-1.2986052402974275,-1.283066384875477,3.6300751134392173
2018-09-30,-0.10000000000000853,3.2999999999992724,3.8999999999999915,-62.80000000000291,-6.155000000000655,0.06918041290501264,21.0,-0.06700000000000728,2676.0,-0.09999999999999964,0.03000000000000025,7.599999999999994,-2.5,2.1968043478261023,-0.8629999999999995,5.731304347826082,-0.5187000000000097,-0.6000000000000227,0.10620000000000118,5.800000000000011,-0.5999999999999943,-3.440499999999986,-2.4571000000000254,0.30999999999999517,-0.6427000000000049,1.6000000000000227,-108.0,-0.07189999999999941,-3.2999999999999545,-1.599999999999966,-0.010000000000000009,-0.7000000000000028,-23.5,6.399999999999977,-2.555000000000007,0.5,2.299999999999983,1.0,0.6524013316424624,1.1831313711967664,0.2383497778573801,-1.596346456698996,-0.866460896954655,1.4749263543443496,-2.925447811222333,2.9334937439146693
2018-10-31,0.29999999999999716,9.094947017729282e-13,-1.5,34.20000000000255,-20.320000000001528,-0.09707338842700608,-7.0,0.160000000000025,4212.0,0.1999999999999993,0.07999999999999963,3.3000000000000114,7.599999999999966,0.5658043478260879,6.032000000000039,1.6104347826087064,0.915300000000002,-0.5,-0.7172999999999945,0.19999999999998863,1.0999999999999943,-1.190100000000001,-1.382899999999978,0.20629999999999882,0.35710000000000264,1.0,-295.0,0.6861000000000104,1.4999999999998863,1.4999999999999432,0.010000000000000009,1.3999999999999915,3.1999999999999886,12.300000000000068,-1.0500000000000114,-0.5,4.5,1.0,2.6045218942062416,1.1649112184367019,0.43226704333134985,0.7600496601261917,2.3508924222970595,0.33638012784943844,1.059474021612479,2.1662862333694832
2018-11-30,-0.29999999999999716,0.6999999999989086,-1.0999999999999943,-8.000000000001819,-15.334999999999127,-0.08770297219901124,53.0,-0.6310000000000286,-4702.0,-0.1999999999999993,0.06000000000000005,-19.599999999999994,1.7000000000000455,-14.183577075098796,-7.108000000000061,-15.296798418972301,0.6111999999999966,0.0,0.09470000000000312,0.0,0.5,2.0523000000000025,1.2539999999999907,-1.971899999999998,0.9720000000000084,-4.900000000000034,656.0,0.39229999999999166,3.1000000000001364,-0.2999999999999545,0.0,-1.3999999999999915,1.5999999999999943,-4.600000000000023,-3.6689999999999827,0.4000000000000341,-1.4999999999999858,1.0,-0.29237442091276195,0.25604661466332707,4.25924423037628,1.933892238329998,6.127124415324751,1.2123872926180626,7.295985356165473,-1.5971261370497014
2018-12-31,-0.19999999999998863,-9.99999999999909,0.7999999999999972,119.30000000000109,112.31999999999971,-0.058701758363980616,5.0,0.10599999999999454,-10645.0,0.2999999999999994,-0.06000000000000005,8.799999999999983,-6.100000000000023,-7.932489177489195,-18.60699999999997,-8.709826839826903,-1.2142999999999944,-0.10000000000002274,0.7368999999999915,0.0,-0.9000000000000057,0.7132000000000005,0.9972999999999956,0.30239999999999867,-0.052599999999998204,-1.6999999999999886,-517.0,-1.1278000000000077,-5.900000000000091,-1.2000000000000455,-0.010000000000000009,0.7000000000000028,-1.5999999999999943,-10.500000000000057,0.17599999999998772,2.7999999999999545,-4.1000000000000085,1.0,1.3389329890493715,1.7694291549393526,1.57533485331858,1.3520933295128654,1.828793978955769,1.1807461188948691,3.0694816798965063,1.1769907198597804
2019-01-31,0.9999999999999858,-0.2000000000007276,-7.099999999999994,-130.0,-24.104999999997744,-0.03220514670800867,-23.0,-0.09399999999996567,16866.0,-0.09999999999999964,-0.22999999999999998,-19.19999999999999,-0.19999999999998863,2.722153209109699,-4.668000000000006,2.8087991718426935,-0.0759999999999934,0.5000000000000568,-0.6589999999999918,0.10000000000002274,1.4000000000000057,-4.206999999999994,-2.322900000000004,3.6810000000000045,-0.7550000000000097,6.399999999999977,-464.0,-0.15059999999998297,2.1000000000000227,1.8000000000000114,0.010000000000000009,-0.700000000000017,-11.699999999999989,7.10000000000008,1.1129999999999995,-1.5,2.8999999999999915,1.0,1.7418122312690758,1.876495038112811,1.9728623743098375,5.064629290987335,3.6955664017008734,-0.523996519586398,4.1205153130542085,-1.8962191972926135
2019-02-28,0.10000000000000853,8.900000000000546,2.5999999999999943,56.29999999999927,-57.210000000004584,0.24758969926301688,-29.0,0.733999999999952,-10332.0,-0.30000000000000027,4.440892098500626e-16,-7.900000000000006,-1.8000000000000114,3.628608695652204,4.334000000000003,4.861391304347805,-1.0433000000000021,2.3999999999999773,-2.47290000000001,0.5999999999999659,0.19999999999998863,-3.911200000000008,-3.059599999999989,-2.9562000000000097,0.18189999999999884,-3.8999999999999773,359.0,1.112499999999983,6.100000000000023,-1.5,0.0,0.6000000000000227,6.099999999999994,-13.900000000000034,3.680000000000007,2.000000000000057,-4.8999999999999915,1.0,0.3486512172206889,0.7645434507020807,0.3446750050270357,1.3487937117954825,0.5669741826792638,1.1978214284733213,0.8917923692474152,1.2586383781350137
2019-03-31,-0.7000000000000028,-0.1000000000003638,4.6000000000000085,-32.69999999999891,11.075000000006185,0.1571285651409795,1.0,0.2830000000000439,12162.0,0.20000000000000018,0.08999999999999941,-0.09999999999999432,1.5,3.1678095238094954,3.954999999999984,2.2769523809523946,1.3016999999999825,-2.8000000000000114,-0.34259999999999025,-3.099999999999966,-0.8999999999999773,6.818999999999988,3.4450000000000216,-0.191599999999994,-0.24169999999999447,-2.5999999999999943,48.0,-0.028399999999990655,-10.600000000000023,0.20000000000004547,-0.010000000000000009,-1.1000000000000227,5.900000000000006,16.19999999999999,-2.968999999999994,-4.500000000000114,5.400000000000006,1.0,0.5177845218518933,-4.258092285310815,-0.3488461182022431,2.304028809172336,-0.9553764190832833,2.430600724728532,-1.7129062048382413,-4.036335842945415
2019-04-30,1.0,-5.299999999999272,-1.2000000000000028,-39.400000000001455,14.39999999999418,-0.055472549227019385,2.0,-0.06600000000003092,-7191.0,-0.19999999999999973,4.440892098500626e-16,0.9000000000000057,-0.10000000000002274,5.7220995670995976,1.9569999999999936,4.785865800865807,-1.2333999999999747,0.0,1.401699999999991,0.0,1.8999999999999773,3.7265000000000157,2.869399999999956,-0.6183999999999941,-0.8841000000000037,5.900000000000006,-571.0,-2.407499999999999,4.399999999999977,0.0999999999999659,0.010000000000000009,2.8000000000000114,0.799999999999983,0.5,1.5059999999999718,0.10000000000013642,0.19999999999998863,1.0,-2.592212247331951,3.1228200121848837,1.0739069235685852,0.5142135250251475,0.24359115577133006,0.19785750392142562,1.094132808989353,2.4594787769667814
2019-05-31,-1.0,-1.7000000000007276,2.799999999999997,19.100000000000364,31.150000000001455,-0.06845096925395922,9.0,-0.6239999999999668,423.0,0.19999999999999973,-0.020000000000000462,-6.599999999999994,0.10000000000002274,-3.142430830039501,0.8380000000000223,-0.6702964426877998,-2.1076000000000192,0.0,-0.5611999999999995,0.0,-0.4999999999999716,-5.268900000000002,-3.382899999999978,1.7453999999999894,-0.6092000000000013,1.1999999999999886,1086.0,0.4258999999999986,-0.7999999999999545,-1.1999999999999886,-0.010000000000000009,-2.1999999999999886,-9.5,-10.0,5.236000000000047,0.599999999999909,-3.1999999999999886,1.0,4.764352213815695,5.125528736439576,4.708644555853078,1.6563168914316604,5.987158927587794,3.0097804991232615,7.79038453370464,1.7222976433285064
2019-06-30,0.20000000000000284,0.3000000000001819,-1.7999999999999972,20.700000000000728,35.725000000000364,-0.1738196668160299,-67.0,0.01099999999999568,-492.0,0.10000000000000009,-0.10999999999999988,-13.5,0.4000000000000341,-6.056478260869596,-6.060000000000002,-7.2305217391303955,3.4477000000000118,0.19999999999998863,0.39620000000000744,0.30000000000001137,0.0999999999999659,1.3050999999999817,1.636400000000009,-1.8333999999999904,-0.352099999999993,-1.1000000000000227,-96.0,1.9652999999999992,0.1999999999999318,1.4999999999999432,-0.010000000000000009,-1.4210854715202004e-14,4.600000000000023,10.500000000000057,-7.546000000000049,3.2999999999999545,3.5,1.0,60.52425626176025,-11.361555663761752,-4.852772032269851,1.6443336097574395,-2.30220076518542,0.43113332067174387,-4.76747913194571,-0.00017667874191231795
2019-07-31,0.8999999999999915,12.699999999999818,0.20000000000000284,-45.600000000000364,-31.459999999999127,-0.13359016474898056,85.0,0.4499999999999602,2017.0,-0.10000000000000009,0.0600000000000005,3.1999999999999886,-3.1000000000000796,2.8316956521738987,0.22100000000000364,0.7039999999999935,-2.781000000000006,-0.19999999999998863,-2.6329000000000065,11.099999999999966,-1.4999999999999716,-6.4243999999999915,-5.313299999999998,-0.6403000000000034,0.4040999999999997,11.300000000000011,-829.0,1.6049000000000007,0.7000000000000455,0.10000000000007958,0.010000000000000009,4.700000000000003,23.19999999999999,-3.500000000000057,8.484000000000037,-2.4999999999998863,-1.5000000000000142,1.0,0.384014080695263,0.6808825366784748,-0.04970957547151295,0.4579755478555776,3.119905216444274,0.4490603679545567,1.7959151093312082,1.8207950311070198
2019-08-31,-1.0999999999999943,-8.199999999999818,-8.600000000000009,85.70000000000073,-16.229999999999563,-0.06673737083301035,108.0,-0.4779999999999234,-509.0,0.0,-0.08000000000000052,-4.700000000000003,-0.09999999999990905,-2.669604743082999,-1.448000000000036,-4.752727272727299,0.6336000000000013,0.0,2.408299999999997,0.10000000000002274,2.0999999999999943,12.180200000000013,8.822399999999988,1.3274999999999935,1.7069999999999936,-7.099999999999966,932.0,-1.4184999999999945,-1.6000000000000227,-1.900000000000034,-0.020000000000000018,-4.200000000000003,-2.5,-13.699999999999989,-1.559000000000026,-3.300000000000068,-4.799999999999983,1.0,0.8283816808565223,1.7466751418156379,3.9905524834101396,1.7811469450411883,2.1957349336136627,2.123784120336064,4.108003800087454,2.1848478188496596
2019-09-30,-0.29999999999999716,-5.399999999999636,3.4000000000000057,-27.900000000001455,18.429999999998472,0.272129211803005,-34.0,0.0919999999999277,-5621.0,-0.20000000000000018,0.1299999999999999,0.0,2.599999999999909,2.0180519480519976,-3.099999999999966,3.082727272727297,-2.0557000000000016,0.0,0.45520000000000493,0.0,-0.4000000000000057,-6.404899999999998,-3.4055000000000177,0.1676000000000073,-1.0589999999999975,2.5,-624.0,-2.4801000000000073,3.0000000000001137,0.5999999999999659,0.010000000000000009,-3.0,-16.400000000000006,0.30000000000001137,-2.402999999999963,2.300000000000068,0.29999999999998295,1.0,1.4282616262012198,0.8096926696214287,1.52616976957284,1.211823856666495,2.786410347541984,0.9673355422864987,1.8769535867704805,1.31593081746559
2019-10-31,0.20000000000000284,7.899999999999636,2.299999999999997,-66.69999999999891,38.07000000000153,0.17972639530998435,70.0,0.33700000000004593,4558.0,0.30000000000000027,-0.11999999999999966,-4.5,-0.49999999999994316,-2.8780124223602996,2.372000000000014,-2.960000000000001,0.48049999999999926,-2.3000000000000114,0.132000000000005,0.0,-0.5,0.6136999999999944,-0.5501999999999612,-0.3399000000000001,-0.8135000000000048,0.5999999999999659,226.0,0.9702000000000055,-2.400000000000091,2.1000000000000796,-0.010000000000000009,0.9000000000000057,7.400000000000006,20.999999999999943,-3.222000000000037,3.599999999999909,7.500000000000014,1.0,9.009961604753103,25.168476685742203,91.13808853446331,41.00149786405851,-109.88123983438986,48.98743680950611,85.68129751932968,25.900994580762646
2019-11-30,0.29999999999998295,-5.200000000000728,1.2999999999999972,74.0,-28.660000000001673,0.06529321942302602,13.0,-0.04100000000005366,-390.0,-0.20000000000000018,0.040000000000000036,16.89999999999999,-1.1999999999999886,3.1313457556936086,2.132000000000005,3.374285714285712,0.8947000000000003,2.3000000000000114,-0.7651000000000039,0.0,-1.4000000000000057,-1.651200000000017,-1.5881000000000256,-1.2706000000000017,-0.3890999999999991,1.900000000000034,-1.0,1.0898999999999859,1.8999999999999773,-1.7000000000000455,-0.010000000000000009,4.599999999999994,-17.80000000000001,-16.699999999999932,-1.2690000000000055,-4.699999999999932,-6.000000000000014,1.0,0.9272187943757396,1.8102072166065493,0.7065397439084032,-0.15751620626271537,1.4640975911582885,0.5985411732426549,1.3114760665129555,1.2712908523063222
2019-12-31,-0.19999999999998863,-1.6999999999989086,2.5,-71.40000000000146,-36.01499999999942,0.03141594661597935,-54.0,0.025000000000034106,-1381.0,0.10000000000000009,0.09999999999999987,-0.29999999999998295,2.099999999999966,2.74725108225109,5.72199999999998,3.1102597402597922,2.066500000000005,0.0,0.8370000000000033,0.0,2.0,3.1464000000000283,2.9162000000000035,2.1703999999999937,0.00010000000000331966,-0.10000000000002274,-201.0,-1.2757999999999896,-2.8999999999999773,-1.2000000000000455,0.010000000000000009,-2.5,1.3000000000000114,31.899999999999977,-1.9180000000000064,1.6999999999999318,11.300000000000011,1.0,-0.7493900694722666,0.2629569123881218,2.518280918258244,1.0695298837643632,-2.393407868686619,-0.35420100046116093,3.5879717145502292,-1.189061136036618
