date,allEmployeesChemicals_CHEM,industrialCapacityChem_CHEM,industrialProdChem_CHEM,industrialProductionChemProd_CHEM,pPIChemicalManufac_CHEM,pPIPaintMaterialsChem_CHEM,ratioManufacturersInvtoShipChem_CHEM,valueManufacturersShipmentsChem_CHEM,cPIFuelOil_OIL,capUtilizationOilGasExtraction_OIL,employeesOilGasExtraction_OIL,globalBrentCrude_OIL,globalWTICrude_OIL,industrialProdCrudeOil_OIL,industrialProdDrilling_OIL,industrialProdMachinery_OIL,industrialProdOilGasExtraction_OIL,pPIDrillingOilGas_OIL,pPIOilGasExtraction_OIL,pPIOilGasMachinery_OIL,pPIPipelineTransCrudeOil_OIL,airTransportation_AIR,cPIAirlineFares_AIR,pPAirlinePassengerServices_AIR,pPCarRental_AIR,pPFlightBookings_AIR,pPScheduledPassenger_AIR,advanceRetailSales_ECON,consumerOpinionSurvey_ECON,consumerPriceIndex_ECON,consumerSentiment_ECON,interbankRates90day_ECON,moneyStockM2_ECON,permit_ECON,realDisposableInc_ECON,unemploymentRate_ECON,allEmployeesFinanceInsurance_OTHERS,exportPriceIndPharma_OTHERS,industrialProdPharma_OTHERS,producerPriceIndexPharma_OTHERS,market_TARGET,specialty_TARGET,non-specialty_TARGET,upstream_TARGET,midstream_TARGET,downstream_TARGET,integrated_TARGET,services_TARGET,legacy_TARGET,market_TARGET_RELATIVE,specialty_TARGET_RELATIVE,non-specialty_TARGET_RELATIVE,upstream_TARGET_RELATIVE,midstream_TARGET_RELATIVE,downstream_TARGET_RELATIVE,integrated_TARGET_RELATIVE,services_TARGET_RELATIVE,legacy_TARGET_RELATIVE
2010-01-31,792.5,145.9036,101.3991,106.7486,228.7,218.5,1.22,55359.0,280.85,93.4051,156.5,76.412380952381,78.3861904761905,82.3157,66.2674,59.8825,83.2189,312.5,271.6,246.9,246.6,462.1,273.454,101.3,195.0,92.4,250.9,308529.0,98.42348328883209,217.488,74.4,0.2,8440.075,636.0,11608.6,9.8,5776.9,117.4,107.0087,323.7,33.46218943092842,36.99360186320165,62.95036416387262,62.38135844185089,25.665186653356567,19.25878270173395,70.47569951149178,51.53613691451932,12.705539858088642,1.0,6.405677778958939,3.0903785621421465,1.0174764465419597,6.096866456623694,15.556157819929597,0.30963557579121154,7.619203681213922,8.643529593600414
2010-02-28,789.2,145.6228,100.3451,103.9321,231.3,219.2,1.21,56402.0,277.284,94.4974,156.4,74.312,76.29899999999999,84.0742,69.6971,59.4087,84.4161,317.0,257.3,247.4,246.6,463.8,270.971,100.7,212.2,95.7,249.3,308520.0,98.47728252931739,217.28099999999998,73.6,0.19,8489.650000000001,650.0,11606.4,9.8,5772.7,118.4,104.1088,324.8,32.348549499428785,35.76469638069031,60.968032836484625,59.80452873171163,24.72871142906764,18.790285372816935,67.11072613725632,48.170879761868925,12.849237683000007,1.0,0.9981628957975501,0.946210048885306,1.2411962355996493,1.0963808049527166,0.7309502932091595,1.434669268303915,1.9620765769628667,-0.33983384558805935
2010-03-31,786.3,145.3333,100.9692,104.8722,232.0,221.0,1.21,57210.0,276.027,94.1456,156.7,79.27478260869559,81.25043478260869,83.6893,72.6073,62.7395,84.328,317.4,250.9,246.2,245.8,462.2,271.311,103.0,201.3,95.7,255.5,316269.0,98.47425912993229,217.35299999999998,73.6,0.23,8492.0,687.0,11644.3,9.9,5762.9,118.9,105.979,326.2,33.535707404592635,37.53036409472303,63.51912192502827,61.60489428522354,26.389077809280288,20.535678089659473,68.5166060095974,48.37714489295512,14.230756261562357,1.0,1.3452430479039728,1.1401704094844287,0.8203004419794874,1.8295688921464726,2.5310813660200284,0.570824491412134,0.11667762008511934,2.9297171271931375
2010-04-30,786.0,145.0332,101.3826,105.0944,234.1,219.5,1.19,58497.0,278.08,93.4169,157.6,84.92863636363641,84.49545454545459,82.3542,74.1566,63.8201,83.9025,317.6,240.0,246.9,254.2,461.2,273.533,104.8,189.5,95.7,259.9,318612.0,98.4543170283942,217.403,72.2,0.3,8517.325,637.0,11741.3,9.9,5761.4,120.2,105.2549,325.7,34.87678114048588,39.837930522435364,60.19223020074651,65.45843203872755,27.64007959610344,20.55073982908132,71.62449160169078,51.12121663861632,14.850962290662707,1.0,1.5375393832548632,-1.3097517743338878,1.564224976470449,1.1854644395407723,0.018340910706456208,1.1342897191864496,1.4184369727628143,1.0898401868198937
2010-05-31,788.1,144.721,101.9916,104.4368,233.4,219.0,1.23,57508.0,272.606,93.502,158.7,76.25095238095241,73.7414285714286,82.3318,72.7934,63.5688,84.2125,317.9,226.8,247.0,254.7,459.8,275.82,102.8,167.1,95.7,255.0,315356.0,98.453077218033,217.29,73.6,0.45,8574.68,575.0,11835.7,9.6,5760.5,119.9,105.5577,325.5,32.764913410928244,35.352946920616034,53.18362710313333,62.02898232660775,24.830896097073158,19.813500480211708,66.74484531035283,46.6287246677256,14.127904643590009,1.0,1.8592327967360323,1.9229177730384461,0.8652239306737627,1.6784580891151675,0.5924486685557194,1.1251138540498358,1.4512953727436322,0.8040591719341188
2010-06-30,786.4,144.3955,101.9971,103.5572,232.6,220.5,1.23,57844.0,265.52099999999996,93.7323,158.1,74.8381818181818,75.35363636363641,83.5273,68.9602,63.3428,84.6624,319.8,226.7,247.3,256.9,458.0,277.651,106.0,187.7,95.7,263.2,315250.0,98.36027718140221,217.199,76.0,0.52,8598.224999999999,587.0,11856.6,9.4,5754.3,118.9,102.2503,325.6,31.686160882101397,33.24055278269874,49.258159994337895,61.825430406433,23.709258745238436,18.49220719394269,63.72834065314898,42.139226499002,14.237498192373318,1.0,1.814832425545113,2.24181921796601,0.09967075438301073,1.3719783825043559,2.0254672073137465,1.372693151854573,2.9243642036807262,-0.23561038719374353
2010-07-31,786.0,144.0595,101.6877,102.7772,233.5,218.0,1.21,58708.0,261.257,93.9374,158.4,74.7354545454545,76.1590909090909,83.278,68.8741,66.2729,85.0981,329.1,232.7,246.8,257.9,456.7,279.192,106.6,239.9,95.7,264.7,315546.0,98.08255336856692,217.605,67.8,0.41,8598.675,579.0,11876.2,9.4,5752.8,120.7,99.5734,328.4,31.548049440696694,33.14357386955801,50.47397961079447,60.62136095093948,23.10306566193841,18.083877854501253,62.29172157487481,44.117406307969645,13.38234883826566,1.0,0.6693434846287936,-5.662796125773534,4.468115141227337,5.865877181996108,5.06596051469731,5.1718864841281675,-10.770085980083254,13.779969464951172
2010-08-31,784.9,143.71,101.842,103.2263,233.7,227.1,1.2,59838.0,263.19599999999997,95.1786,159.7,76.6931818181818,76.6018181818182,85.0609,71.1608,65.4063,86.4868,328.3,235.5,246.8,257.9,456.2,279.262,104.1,196.6,95.7,258.3,317345.0,97.9131715216111,217.923,68.9,0.32,8653.039999999999,580.0,11910.7,9.5,5751.5,121.8,101.3738,328.8,31.785890480896526,33.30298608798512,59.185727845089794,60.88634306148817,23.34843705145457,17.77886106502911,64.4934268889084,44.93286521532837,13.099074419577425,1.0,0.6379813543429745,22.89409524374759,0.5797978358533004,1.4087697805294908,-2.237267416783452,4.688291148301312,2.4517592701841866,-2.8077648166291453
2010-09-30,784.8,143.3489,101.5397,102.758,234.6,228.8,1.19,60759.0,265.812,96.6591,160.2,77.7868181818182,75.26,87.2176,72.0713,69.0085,88.113,335.0,219.6,247.2,287.1,455.3,278.873,98.4,176.9,95.7,243.4,319914.0,97.86357200389679,218.275,68.2,0.28,8684.375,563.0,11899.0,9.5,5762.2,122.7,102.1789,330.2,32.837039249348905,35.541537152230944,65.61542441633584,61.53956164636022,22.87999198573349,17.93532269136366,65.809462488197,46.91545991336836,13.387113795530691,1.0,2.0326098534571333,3.2850628458595383,0.32442091059986083,-0.6066958880801815,0.26611790814450675,0.6170528750201008,1.3342586418074027,0.6649384530573924
2010-10-31,784.1,142.9779,100.2641,102.6195,236.3,228.2,1.22,60353.0,276.551,95.8891,161.5,82.9180952380952,81.89952380952379,86.1988,72.7848,70.2346,87.7041,335.8,233.4,247.5,286.6,455.1,279.58,101.2,203.0,95.7,250.7,324043.0,97.95967802896351,219.035,67.7,0.27,8732.150000000001,558.0,11916.3,9.4,5761.1,123.6,102.8552,332.0,34.29273325654829,38.51448079690419,72.92518266477009,65.94278053780671,24.820724937590334,19.09665309900091,69.99432976827048,51.98704604466801,15.768175807630284,1.0,1.8868803764856565,2.512991210988903,1.6140232077630936,1.9133913654970416,1.4606309557708104,1.434456040182124,2.43849419146834,4.012154506260507
2010-11-30,783.2,142.6011,100.9675,103.5938,236.8,230.3,1.2,61117.0,286.367,95.0132,161.4,85.67,84.19181818181819,85.462,73.3884,70.7021,87.2094,338.3,235.6,246.5,286.6,455.0,286.247,102.1,189.3,95.7,253.0,327635.0,98.2107238442784,219.59,71.6,0.27,8755.119999999999,560.0,11942.6,9.8,5759.5,124.8,101.6863,332.1,35.11783582870448,39.75903069901814,77.15339284933486,68.08510522409479,27.089804417919737,20.50961387126076,73.41777485737418,58.985945122372286,16.965170561490005,1.0,1.343019837919713,2.4097567348820523,1.350243816280462,3.799525880403338,3.07515496718217,2.032800071904298,5.59536923235219,3.1550406120654655
2010-12-31,783.6,142.2254,101.6593,103.2778,237.6,233.5,1.23,61727.0,298.03700000000003,95.4101,161.0,91.7965217391304,89.2234782608696,85.5302,75.2288,70.5403,87.8964,342.5,256.4,248.1,286.6,455.0,293.44599999999997,102.0,175.0,95.7,252.7,329741.0,98.4554548961959,220.472,74.5,0.3,8788.95,632.0,12026.9,9.3,5758.4,124.5,101.9546,331.5,36.34364731266679,42.60137959047994,78.0918268322742,73.01085158955817,28.77496289685198,23.257982927164676,76.74479018791081,65.14272610495442,15.818961591992604,1.0,2.0480740550342476,0.34845985829875936,2.0726405522926896,1.7821281854100006,3.8390310488415267,1.298247941931105,2.9902618536587546,-1.935573336874767
2011-01-31,780.4,141.8556,101.4231,103.8292,242.6,235.8,1.22,63132.0,308.306,93.7479,162.7,96.29476190476191,89.51,83.9413,76.6547,72.167,86.6986,348.8,261.7,248.5,257.6,453.6,301.08799999999997,105.0,172.2,95.7,260.6,332140.0,98.56109373244009,221.187,74.2,0.29,8821.48,576.0,12076.4,9.1,5761.2,123.0,102.2999,339.2,37.75424275399518,43.68827771568802,85.44715238038592,77.0201265818321,30.738394099530286,26.057613727981455,81.65669434725011,66.94161344229732,15.672914821775453,1.0,0.6573417392852557,2.4267349796422746,1.4148306659602112,1.7580327027526574,3.1013783355163524,1.6490241446252867,0.7114822487227115,-0.23787018967043308
2011-02-28,781.9,141.498,101.093,104.0854,245.0,244.9,1.24,62980.0,315.129,90.7063,164.2,103.955,89.366,81.9578,77.8533,73.6666,84.2268,349.8,259.7,249.3,257.6,454.0,304.572,106.7,181.3,95.7,264.8,334674.0,98.513233048038,221.898,77.5,0.28,8871.375,542.0,12106.2,9.0,5755.9,123.0,101.7277,339.7,38.70738899279189,45.172087962474954,91.07762972880234,82.18058801793995,33.158408238738794,30.26719795295168,87.99535883841492,74.04488783536296,15.102637846248061,1.0,1.3453016260776565,2.610080170234279,2.6539365426366466,3.1184799380844885,6.398980501916824,3.0747668895622216,4.203089532627807,-1.4412598546901412
2011-03-31,783.5,141.1596,102.3562,104.4426,247.6,249.2,1.19,65418.0,328.847,94.576,166.7,114.441304347826,102.91608695652201,85.4261,79.3976,74.8864,88.1958,350.6,275.0,249.4,257.6,454.3,306.515,111.6,211.7,95.7,277.4,337935.0,98.27558056309022,223.046,67.5,0.28,8913.025,583.0,12069.3,9.0,5756.4,123.1,103.5704,339.3,38.021950129457935,45.32061799567366,86.26881138792457,85.13513855715222,34.891516696185825,30.79802665644647,88.77390317496925,72.80278308449701,14.195221575378065,1.0,-0.18568176912565496,2.9816166436363924,-2.030239771562903,-2.951598084030967,-0.990392478935907,-0.4996302623713686,0.9473016541566275,3.3929613015229045
2011-04-30,784.6,140.8502,101.7474,105.5488,250.2,255.7,1.2,65745.0,340.035,94.3117,169.6,123.150476190476,110.042857142857,85.0785,83.128,72.5004,88.3436,354.5,297.6,251.0,254.4,455.0,302.541,111.0,174.2,95.7,276.0,340149.0,98.21859885300242,224.093,69.8,0.23,8966.725000000002,581.0,12047.0,9.1,5752.5,123.3,102.4424,339.9,38.80727637809519,47.92943996792744,87.1494681227724,86.6263106214756,35.70556439770043,31.238269884714946,91.27550390692049,73.65065506452706,13.415632527087462,1.0,2.786973855575653,0.4942391234720188,0.8480143203216929,1.129572941871364,0.6920764452232455,1.364322226880959,0.5638538833843546,-2.6589356565946125
2011-05-31,782.5,140.5798,100.5645,105.8451,252.8,257.8,1.21,66292.0,345.325,94.7723,170.4,114.458181818182,101.251363636364,86.0985,85.7511,76.8946,89.1945,357.7,289.1,251.9,254.4,456.1,292.694,110.6,149.5,95.7,274.4,339232.0,98.2032816339506,224.80599999999998,74.3,0.21,9027.2,618.0,12034.6,9.0,5770.2,123.9,104.3398,339.6,41.87923780312795,47.757910805364595,83.17611194171539,83.32045821048371,35.73101033052512,29.432695330707517,87.99101658871844,69.30338534288911,14.712216603791987,1.0,-0.04520984504419232,-0.5759571350298156,-0.4820932469293894,0.009002847210180237,-0.7301731493244557,-0.45458045163563704,-0.7456540449939697,1.2209192342063457
2011-06-30,782.8,140.3581,100.8565,106.251,253.4,253.3,1.22,66745.0,345.235,94.9877,171.2,113.757727272727,96.2540909090909,86.993,87.4887,78.6387,89.8435,360.9,281.9,254.6,254.4,457.4,294.743,110.6,181.5,95.7,274.5,341657.0,97.90352699885081,224.80599999999998,71.5,0.22,9098.475,636.0,12091.0,9.1,5768.0,124.0,102.373,338.9,41.087293818217866,45.67746052141523,84.56835156215651,81.3561247867894,34.90066457065472,28.144283454741114,85.15463872325053,69.53500221198415,13.388141364313906,1.0,2.3036490991461784,-0.885155715077666,1.246716941673956,1.2289040634262312,2.3148826974655345,1.704629722700545,-0.1767339733908671,4.759253723905444
2011-07-31,783.8,140.1962,100.9511,106.6396,255.1,259.3,1.23,66427.0,346.556,93.48,172.7,116.460952380952,97.1938095238095,85.3204,90.1418,78.4502,88.8788,366.5,286.8,255.4,262.8,459.3,304.77299999999997,110.9,228.4,95.7,275.2,341274.0,97.34069892617642,225.395,63.7,0.24,9261.1,621.0,12126.4,9.0,5769.0,124.9,101.1854,341.6,42.20724807210805,46.33173844497402,88.90797952849525,81.13331979615884,35.95655254892621,35.760099786785766,88.72219063260007,75.99692835099206,12.406653559558181,1.0,0.5254937679001556,1.8825732706307023,-0.10047127526369541,1.1099192982921275,9.92735425255674,1.5369836383498088,3.4093043367846545,-2.6895020053555534
2011-08-31,785.7,140.098,101.2978,107.6924,255.2,267.0,1.24,66377.0,345.61300000000006,95.166,173.9,110.081304347826,86.3213043478261,88.2811,92.9066,81.599,90.9771,367.5,264.3,255.5,262.8,458.2,316.04400000000004,113.3,231.1,95.7,281.3,342228.0,96.8602965792044,226.106,55.8,0.29,9503.439999999999,647.0,12113.1,9.0,5773.8,124.7,103.3172,343.9,37.7982864749226,38.78980970737251,84.25548117221818,69.75659045104844,31.975578891588043,31.382357836611337,79.08922242580812,64.93259979343476,10.334345713671649,1.0,1.5583124821546397,0.5009521079319078,1.3423596845359729,1.0598928904342788,1.1719313091765862,1.0393901369494973,1.3937335204907348,1.5990068965110473
2011-09-30,786.8,140.0619,101.8043,106.7453,256.7,271.8,1.25,65770.0,344.31800000000004,93.486,176.5,112.446818181818,85.6168181818182,86.6594,94.4685,84.8581,89.8845,370.7,270.8,256.2,262.8,458.7,314.655,108.7,185.4,95.7,269.6,345696.0,96.7947589430925,226.597,59.5,0.33,9536.075,610.0,12091.2,9.0,5770.1,124.6,103.952,344.9,37.50251997078944,36.7002331736484,82.07079295911242,65.31500457231165,31.352398384031954,26.675057249219684,78.12474472180553,56.89429404232514,10.847445752697174,1.0,6.884362930725902,3.313709451753214,8.13721784219861,2.490683644646359,19.169442619008358,1.5584684357849983,15.820669344109719,-6.345154275079088
2011-10-31,784.7,140.0864,101.8956,106.7365,255.9,276.8,1.28,65357.0,343.218,95.898,178.0,109.469047619048,86.40619047619049,89.876,96.9119,84.271,92.7599,374.3,262.9,256.2,262.8,458.8,306.827,111.0,171.4,95.7,275.5,347717.0,97.0207662122662,226.75,60.8,0.37,9570.4,671.0,12112.8,8.8,5775.0,123.4,106.3143,344.5,38.55961019482205,37.32767314596583,65.15009371955163,66.79201931849953,33.41423927532892,27.637701383453287,82.88719905240146,55.74989146384797,11.177771934149998,1.0,0.6065292558130613,-7.31438929313687,0.8022694672565669,2.3330968862050887,1.2802913261153241,2.1626717500139168,-0.7136060267216592,1.0803485777928008
2011-11-30,781.1,140.1679,100.7192,105.1446,255.6,280.1,1.26,65831.0,346.209,96.8551,178.7,110.50409090909099,97.0663636363636,91.578,97.0562,86.6785,94.2784,376.2,278.0,256.3,262.8,458.1,297.966,110.9,164.2,95.7,275.2,349352.0,97.4517116203388,227.169,63.7,0.41,9611.4,706.0,12110.5,8.6,5782.1,123.2,103.4676,345.5,39.16754742479794,39.35904018088623,66.14289754215335,73.09471715242442,36.408498633845,27.906297650353487,83.60282858116413,59.59463136203176,10.55835904179963,1.0,3.4516867575990697,0.9665454716296791,5.9851605878359315,5.683707659583195,0.616413223511804,0.5476141769837344,4.374181836644705,-3.5147860236724977
2011-12-31,782.2,140.3,101.5146,106.0275,254.7,281.2,1.26,65933.0,341.472,96.6653,180.3,107.97,98.6122727272727,92.1209,97.9782,90.4078,94.7147,375.5,267.7,256.4,262.8,458.8,307.069,111.6,115.8,95.7,276.9,349973.0,97.98477560085979,227.22299999999998,69.9,0.49,9637.55,697.0,12220.2,8.5,5793.3,123.6,106.0089,346.3,39.75991086204137,39.80201189824191,61.83295431222303,72.93289091362125,38.33593860057683,25.366591456428328,86.7396051487179,57.52410221157991,11.476368771801484,1.0,0.7441656728728219,-4.308503667012647,-0.14638651908669625,3.500388296756294,-6.017545592963987,2.4808513756080286,-2.297271607028142,5.748956088995634
2012-01-31,783.2,140.477,102.3686,105.3988,258.4,283.3,1.25,65973.0,338.522,98.0449,181.3,110.993636363636,100.148636363636,94.2452,99.3262,93.1004,96.7269,377.1,264.4,257.5,264.3,461.3,308.335,113.0,120.4,96.0,280.6,352610.0,98.43922076307709,227.842,75.0,0.4,9727.720000000001,712.0,12311.0,8.3,5795.4,123.8,103.7752,355.4,41.606678481539625,44.852152255833204,69.87334369921287,75.43584667694049,36.50138523762634,27.27694368225113,90.52136428612334,59.75556067307141,11.959648950328331,1.0,2.7316910152844933,2.799562937611053,0.7388612604365716,-1.030285052295056,1.6213787814122125,0.9386627312510546,0.8351646592359828,0.906624892533362
2012-02-29,781.6,140.6914,101.5753,105.2373,259.7,282.7,1.22,66735.0,339.81800000000004,97.0927,182.4,119.702380952381,102.262857142857,95.221,99.3885,97.1126,96.474,381.4,257.1,257.9,264.3,460.6,306.08099999999996,115.1,139.7,95.4,286.3,357233.0,98.69257610711529,228.329,75.3,0.3,9770.325,738.0,12385.4,8.3,5802.2,123.9,103.0586,355.8,43.28268271408824,48.0110729852848,75.59358286500787,78.24273100084238,36.46562913143404,32.34001107855121,90.44614629864813,64.86378963922556,13.279299256887487,1.0,1.7484103786730967,2.0323130068407878,0.9237079505514243,-0.024318053403315734,4.607930681499121,-0.020628067997585518,2.1221689968781745,2.7392291630747496
2012-03-31,784.0,140.9353,101.2517,103.8555,261.7,296.0,1.22,66693.0,339.337,97.166,184.8,124.928636363636,106.15045454545499,96.2302,100.5886,99.9675,97.2656,388.6,259.7,258.4,264.3,460.2,308.237,117.4,192.8,95.6,292.2,358862.0,98.81466872349442,228.80700000000002,76.2,0.29,9810.95,806.0,12429.3,8.2,5820.9,124.1,104.8999,356.2,44.46669900068195,47.679931222490424,75.24271834411076,77.9788330605454,37.957742107493,33.62093571143555,91.32630596182815,61.41019958335573,11.939578612201029,1.0,-0.25213262136530906,-0.16967232847604055,-0.12329586010633671,1.4958033144071208,1.4479044665280068,0.35573605849279466,-1.9463680248299544,-3.6880396916560167
2012-04-30,782.2,141.1983,101.4186,103.4206,262.0,297.4,1.22,66509.0,344.224,96.235,185.5,120.59095238095199,103.284285714286,96.4,100.5853,102.8056,97.0736,391.6,247.7,260.7,261.0,460.0,304.81,117.9,139.5,95.0,293.5,356550.0,98.8488847350761,229.187,76.4,0.29,9868.859999999999,732.0,12477.1,8.2,5821.7,123.9,103.4185,355.4,44.4334350986905,48.68683814714054,74.24288171501789,73.1444234215517,38.88660936463889,30.79892470447759,88.89085555378186,58.77854411039317,12.298882562491796,1.0,-28.23029429346707,17.763406901592354,82.87592976072958,-32.71259385081869,112.20458541423137,35.648814962267465,57.28622729213957,-40.228578880748834
2012-05-31,781.2,141.4662,99.8309,101.8643,262.0,304.8,1.24,64956.0,341.34,96.5955,186.6,110.52173913043501,94.5069565217391,97.7032,101.209,103.0323,98.2105,393.1,227.4,261.0,261.0,460.6,294.883,116.3,132.8,94.3,289.2,356050.0,98.793925538638,228.713,79.3,0.29,9902.025,796.0,12487.5,8.2,5825.4,123.9,102.9835,356.8,42.977429743421915,47.15216677919313,68.50664710375487,63.4107421225366,38.08035616057471,29.474129677289273,86.37627215010895,55.51628779685068,12.80594480218054,1.0,0.9619460960526219,2.357865359525788,4.061091911259305,0.6327298058458153,1.3126835781929096,0.8632883410500463,1.6937377708039392,-1.2581792913871945
2012-06-30,781.8,141.7264,99.8743,100.1219,259.6,303.0,1.27,63462.0,323.907,95.9739,188.2,95.58904761904759,82.3595238095238,97.9508,102.5767,103.24,98.378,393.8,208.4,261.4,261.0,461.5,287.712,118.2,139.2,93.9,294.4,352556.0,98.59266931728149,228.524,73.2,0.32,9961.725,794.0,12498.7,8.2,5825.4,123.5,99.2342,356.1,42.41325941911609,46.99698258163819,62.16428923743902,61.06059745060541,32.173379544640774,30.6492069667733,85.2243545568456,51.75819556601807,13.001824892822944,1.0,0.25071253087754236,7.052583416596545,2.8233320781268585,11.816652135661943,-3.0370758864118717,1.0159144915117875,5.1567635284321405,-1.1652225253315083
2012-07-31,781.9,141.9745,98.8878,98.5901,259.6,303.3,1.25,64706.0,320.495,97.2131,188.7,103.140909090909,87.8904545454546,100.591,101.7347,104.1267,100.4802,393.3,219.4,261.8,278.7,461.1,302.202,116.2,169.4,94.2,289.0,353782.0,98.5217543347199,228.59,72.3,0.3,10040.26,849.0,12410.1,8.2,5824.7,123.0,97.2296,360.8,43.66586603388836,47.18591394059344,68.56255112651831,63.04664246500109,33.86583229799858,34.06134643612821,89.55497779344881,55.11093644561527,12.758314661095643,1.0,0.13611971192168068,3.4850417719928277,1.101323703204536,1.7811759375944933,3.7695931591353733,1.7205750824151471,2.1933493517426155,-0.6341614662524235
2012-08-31,783.2,142.2143,98.8315,97.4617,260.2,299.2,1.25,64757.0,330.48900000000003,94.9643,189.3,113.34,94.1104347826087,98.517,100.4312,103.5324,98.9842,395.0,240.3,261.9,278.7,461.1,312.195,116.4,174.5,94.4,289.7,358397.0,98.6889706749507,229.918,74.3,0.26,10110.175,840.0,12362.6,8.1,5832.7,123.1,96.8948,363.2,44.76257668941442,48.8613033545285,70.91677616217247,65.9551202323116,35.16999932937164,38.6268120703962,92.76110328906735,60.58123114698192,11.588458676234104,1.0,1.413687476432126,1.367133798214824,1.8367658664070776,1.5332800283131216,5.336706041920302,1.4254132849983772,3.9520547099650503,-3.6508089550786313
2012-09-30,786.0,142.4362,99.104,96.8725,259.9,299.0,1.25,65151.0,336.39,96.6573,189.3,113.3825,94.60600000000001,101.8652,99.1288,101.9728,101.6042,395.7,242.8,261.9,278.8,458.5,312.078,110.4,158.2,93.6,273.0,361281.0,99.0003263668637,231.015,78.3,0.24,10185.0,930.0,12422.5,7.8,5839.0,123.5,97.7477,362.4,45.93469852695091,50.082630267004745,73.11851446394657,67.2272354484465,36.56605105279323,42.01966285386154,95.86891462991777,61.657647464214755,11.763658100773684,1.0,0.9545731192317298,1.1856569019544065,0.736580558543761,1.5159032005143354,3.3544259883855077,1.2794728140479141,0.678554130423442,0.5773634929788136
2012-10-31,786.7,142.6261,98.8014,95.9656,260.8,293.9,1.23,65290.0,339.80800000000005,98.3044,189.1,111.97347826087,89.5173913043478,105.9011,98.5484,98.1417,104.2178,395.8,240.3,261.9,279.8,457.0,308.022,113.8,167.1,92.0,279.9,362129.0,99.2236062839069,231.638,82.6,0.23,10254.38,887.0,12516.4,7.8,5845.3,124.0,97.3346,365.0,45.65778467405916,50.55804988906225,70.32425241646722,66.19599261430366,37.129069491738136,41.664967165891916,96.12026992035746,59.90833395475621,12.22929719260201,1.0,-1.5746577001714503,6.3392219968868755,2.544555216949567,-2.5541167495332275,1.4002305003717603,-0.43491702444120767,4.706270528442462,-6.56603552264575
2012-11-30,785.7,142.7694,98.549,95.1157,259.9,292.3,1.23,65715.0,339.536,98.1121,189.7,109.711818181818,86.6895454545455,106.9724,98.0719,95.2199,104.9077,397.1,241.2,262.3,279.8,455.3,301.966,112.9,180.3,91.3,277.7,363013.0,99.138566931966,231.24900000000002,82.7,0.23,10315.15,917.0,12693.1,7.7,5850.7,123.9,95.2353,362.5,44.352089177474625,50.82478879878832,68.61961120474449,63.747531213891904,34.633619410825744,43.376629907935936,91.31414594691526,56.748751060863285,12.429307318300351,1.0,-0.18448836710878672,0.8476192067775091,1.2934048716107724,2.3502158492978915,-1.436547805065387,1.7484487900937034,1.8442315236545441,-0.5719043672252987
2012-12-31,786.2,142.8549,99.507,96.0961,259.3,284.8,1.26,65197.0,335.029,97.9903,191.6,109.64,88.19142857142859,108.4029,97.9087,96.3125,105.6774,396.8,242.6,262.3,279.8,453.2,316.876,112.4,165.4,91.1,276.3,364299.0,98.8098232980989,231.22099999999998,72.9,0.24,10436.04,941.0,13016.3,7.9,5856.5,123.8,98.1881,363.3,45.18704778147024,53.692456936674205,72.17446519278245,64.55915780847234,34.55387711419341,47.11661813531482,91.7532170280477,57.50159543065289,13.716543565843196,1.0,2.9971083653303263,2.7518366577304514,0.6763041249991101,-0.12230381293655324,4.579979832017498,0.2554147122979853,0.7046898828020122,5.501238477305963
2013-01-31,789.5,142.8729,98.3447,94.7034,262.8,283.9,1.26,65982.0,332.369,96.6813,193.2,112.928695652174,94.65260869565209,107.5574,98.7065,96.6528,105.1606,398.8,249.7,263.5,279.8,450.1,320.95799999999997,114.6,148.5,94.4,282.0,367136.0,98.6834269644711,231.679,73.8,0.23,10472.475,940.0,12266.8,8.0,5862.3,124.3,96.4346,371.8,46.68142885542332,58.10242324511941,78.02303203995166,68.051525205793,37.05385550823118,50.20996051821546,94.99120277969877,61.58576572842895,15.741005891889477,1.0,2.4835596981875416,2.4502956743600306,1.6357415244532054,2.187721730324669,1.9852101681325762,1.0671027589424584,2.1477145412167222,4.462904788634954
2013-02-28,792.4,142.8029,97.3756,92.5452,264.7,282.0,1.28,65683.0,333.38199999999995,96.9472,194.5,116.455,95.295,109.319,100.7437,94.9415,106.3574,406.9,250.2,263.6,279.8,448.9,316.62,113.7,181.5,96.4,279.8,372356.0,98.78481106673081,232.937,77.6,0.22,10463.574999999999,980.0,12205.2,7.7,5865.7,123.6,93.5772,373.9,47.53649575940553,56.813951428755765,77.77378084347137,69.82413031134766,37.57814731117643,59.993162598951415,95.45959232839063,64.03897230348599,16.408104228418807,1.0,-1.2106670465621714,-0.1744048154914813,1.422060836888839,0.7724737100650134,10.637392597266851,0.2691955354347177,2.17469230666269,2.313670024148716
2013-03-31,792.5,142.6454,97.3012,92.2834,265.0,275.4,1.31,64885.0,326.197,96.6087,193.7,109.24,93.11809523809521,110.2751,102.0488,96.2115,106.8992,430.6,248.9,263.9,279.8,448.5,322.645,116.7,186.8,97.1,287.8,369184.0,98.94903548558929,232.282,78.6,0.21,10523.400000000001,936.0,12223.9,7.5,5867.4,122.8,95.098,373.6,48.73663370218169,58.46613762680854,76.15302681794319,69.20052110550708,37.50131194667311,62.32541919613334,96.89749688599547,62.70822186339454,18.850925690510902,1.0,1.1518607813195085,-0.8254293257837563,-0.3537553202061477,-0.08098820784097527,1.539822179325914,0.5966319169893594,-0.8230917754718797,5.896975429760798
2013-04-30,793.7,142.4036,97.168,91.5314,265.3,275.0,1.31,64914.0,322.008,97.085,194.3,102.875454545455,92.0190909090909,112.4159,102.4515,93.6416,108.3492,431.9,259.0,264.0,287.2,448.0,310.843,113.7,146.3,95.5,279.8,367498.0,99.1578757003652,231.797,76.4,0.2,10578.32,1012.0,12271.9,7.6,5878.6,121.7,93.0764,374.8,49.35707950975629,57.524728038514475,72.89502293764238,68.00890774203562,39.43487489409822,57.2878299303569,96.18320302646451,60.81605276274332,18.754225361701216,1.0,-1.2648117370753489,-3.360594419087964,-1.352625823518941,4.050079312947848,-6.349056925776156,-0.5790499557684438,-2.3702116816243226,-0.4029460878941746
2013-05-31,793.9,142.0812,97.7654,91.5585,265.1,273.4,1.28,65712.0,319.91,96.6088,193.5,103.02695652173901,94.7186956521739,112.6928,102.9964,91.8667,108.7507,432.3,262.2,263.2,287.2,446.3,298.615,112.1,133.4,95.1,276.6,369367.0,99.49098599007401,231.893,84.5,0.2,10606.525,1003.0,12342.2,7.5,5882.3,121.9,93.8532,375.1,51.36339382008619,62.612117423483056,75.37028359574884,73.00220338845634,39.53738476176846,57.55962046996112,99.45242762690124,63.480235470506756,20.828367428515563,1.0,2.175659306749216,0.835359749646847,1.806225479585133,0.06394928439160172,0.11671386416074733,0.8361727421775839,1.0776959717819263,2.720757611276006
2013-06-30,792.5,141.6855,96.9614,90.6749,265.5,270.5,1.3,65005.0,324.282,96.3112,192.9,103.11,95.7895,113.4659,104.419,92.4984,109.3651,440.1,259.9,263.2,287.2,444.8,296.647,116.0,163.5,97.4,286.7,370842.0,99.66320645476559,232.445,84.1,0.19,10653.324999999999,942.0,12355.0,7.5,5887.8,121.4,91.4412,377.3,50.54695517566767,61.63652863972821,73.63356747514408,70.7561986146324,36.90171833074571,55.20454925314226,97.79405188522063,61.52341059945625,20.14442692335644,1.0,0.9802538721540333,1.4496355974570356,1.9355520984085237,4.193847797588234,2.574045870204765,1.0490536680128548,1.939293712722529,2.065823689779638
2013-07-31,794.7,141.2305,96.4929,90.8355,265.2,266.6,1.28,65241.0,329.13800000000003,97.6582,193.1,107.716086956522,104.54521739130399,116.9059,103.993,89.676,111.8687,441.4,270.4,263.2,296.8,442.4,311.074,117.0,172.9,99.8,289.3,373506.0,99.626092447397,232.9,85.1,0.14,10717.279999999999,997.0,12341.5,7.3,5898.2,121.1,90.0203,380.2,51.89767553945248,63.115375148209935,72.13643434476167,73.00250235928793,37.744532224756625,51.2639262032332,101.11383071113215,65.61673601512261,21.197183691790915,1.0,0.8978721096901818,-0.7608764306863086,1.188046778975534,0.8547018604861718,-2.6712810148835335,1.2703583967018817,2.4898054976504507,1.955701990631609
2013-08-31,792.7,140.7328,96.5464,89.9348,263.9,273.6,1.29,65066.0,336.346,97.0314,193.5,110.965,106.546363636364,117.063,103.8643,92.9911,112.1357,442.3,269.3,263.6,297.6,441.1,317.28,117.7,187.5,100.2,291.1,372534.0,99.3495390611603,233.456,82.1,0.12,10773.25,964.0,12368.7,7.2,5895.8,120.2,89.6662,381.1,51.92376101044126,65.06676477649602,69.3707469234412,72.74291024670853,38.33697929013667,52.06996909732598,97.58702322165924,68.33662675330373,21.165263136889834,1.0,61.51174512474181,-76.27771010094864,-7.074617592768089,31.22804015275613,31.282072106785805,-69.3937591365418,82.46811326445307,-2.9959978201335513
2013-09-30,791.1,140.2069,95.542,89.7665,262.8,269.0,1.27,65370.0,338.721,98.197,193.3,111.621428571429,106.31380952381001,120.7586,102.5872,95.7527,114.4995,443.5,271.7,263.8,297.6,440.5,316.426,111.4,162.5,100.6,274.7,372024.0,98.9742827568005,233.544,77.5,0.11,10829.960000000001,1004.0,12418.7,7.2,5896.6,120.5,91.0981,374.6,52.51070640849607,67.56511351310402,71.60408037932986,74.69589965794667,37.67636477440239,50.316553125103155,97.65102749205228,72.62189951683041,22.552851221869002,1.0,3.396739855576104,2.848037095276283,2.375076797858477,-1.52439902538148,-2.9789696514771755,0.058021014895505145,5.547449708807968,5.799697338775524
2013-10-31,791.8,139.6661,95.3701,89.0578,262.3,271.4,1.25,65824.0,336.80699999999996,95.5532,192.6,109.479130434783,100.500434782609,117.5031,100.5793,93.6416,112.4284,445.0,261.6,264.1,297.6,439.3,315.445,114.1,163.5,100.3,281.8,373308.0,98.7422918890069,233.669,73.2,0.12,10944.8,1044.0,12386.0,7.2,5897.4,120.6,90.3338,375.6,53.65732140589147,70.41171962446991,74.24788763260908,78.16402544955439,37.865814568151144,52.64706242325405,96.15845365942303,75.8147437182696,24.321187128085004,1.0,1.929457023019547,1.6909168859651074,2.1263185192690335,0.23027955769865113,2.1211442311436057,-0.6999858305645985,2.013447758346228,3.5908193208118138
2013-11-30,795.4,139.1194,95.0839,88.973,261.7,262.3,1.25,65905.0,339.241,95.8116,193.5,108.07666666666701,93.8123809523809,119.4582,99.4327,94.0347,113.7696,445.4,247.0,264.4,298.3,440.8,315.808,111.7,154.8,100.5,275.3,373969.0,98.84123995901129,234.1,75.1,0.12,10946.8,1029.0,12425.3,6.9,5896.3,121.1,88.8437,374.6,55.74645111369996,71.62989445320595,75.00756941371597,78.31718268175477,37.5878869665001,57.953668460476365,100.89626300597436,77.93351668388752,27.751802268963747,1.0,0.444353140871822,0.26279142665318544,0.05032620423561303,-0.1885158887233679,2.588846418667443,1.2654753600757558,0.7177849292630325,3.622853851712656
2013-12-31,794.3,138.5779,95.5064,88.5824,262.6,260.1,1.24,66196.0,344.22900000000004,95.4735,193.2,110.633636363636,97.9022727272727,120.8487,99.9098,92.8851,114.4168,446.4,259.1,264.7,298.3,442.6,314.89099999999996,118.0,148.0,100.6,291.8,376505.0,99.1403297166044,234.71900000000002,82.5,0.14,11010.279999999999,1007.0,12464.3,6.7,5900.0,120.7,88.9035,377.1,56.444185227869106,72.61477057783527,75.28093920224917,75.76692009761038,37.77109646012371,63.897499319259744,103.72634857696073,74.06407792676535,27.76592739970735,1.0,1.098536688014285,0.2911874758466895,-2.6016873819119395,0.38942813941595766,8.194317323978758,2.241051069888165,-3.966897427309306,0.04066572799348577
2014-01-31,796.0,138.0482,94.5494,88.3365,266.5,258.7,1.25,66066.0,362.119,96.4853,193.9,107.570434782609,94.9965217391304,123.369,100.3231,94.6143,116.7033,448.9,265.7,266.8,298.9,441.4,304.438,115.2,169.6,101.5,284.5,372733.0,99.31058156803259,235.28799999999998,81.2,0.12,11059.599999999999,983.0,12523.8,6.6,5895.1,118.6,88.3544,391.3,56.80984901463468,73.89149832124693,76.94174722209519,74.26322122044249,40.019323661218536,66.45831178009519,103.23269477925128,73.8696762951815,31.237798129707844,1.0,2.714004616817442,3.4054276708039453,-3.0635043242886835,9.187933892110886,6.18630272569683,-0.7346333641868871,-0.4051627788495919,19.30139144765303
2014-02-28,796.4,137.5384,94.5625,89.1716,267.9,265.1,1.26,66193.0,381.60400000000004,96.7282,195.5,108.81200000000001,100.704,124.7475,100.5715,95.953,118.0894,456.2,302.8,268.4,298.9,440.6,302.328,112.7,172.1,101.5,277.9,378225.0,99.3796122060222,235.547,81.6,0.13,11141.6,1045.0,12601.1,6.7,5907.8,116.5,87.5949,393.2,56.53555038211523,75.77647034653313,76.220945347002,75.09965187313826,38.81372611767124,64.50692767551327,98.05794169970736,75.61185020815626,32.437243813947276,1.0,-5.283362737033564,1.9402328623178509,-2.332685283342793,6.239253083359045,6.081258305394187,10.381792870762117,-4.884558362128461,-7.952435670770065
2014-03-31,798.0,137.0519,95.326,90.6333,268.1,258.3,1.27,66062.0,352.431,97.1199,193.3,107.405714285714,100.573333333333,126.6318,103.3588,96.254,119.675,457.2,285.4,267.8,297.4,442.1,305.80400000000003,117.4,202.7,103.6,290.2,381925.0,99.4113788524185,236.028,80.0,0.12,11185.68,1062.0,12670.0,6.7,5905.9,116.4,90.5967,392.8,57.85073191581377,80.35300371238132,79.82987308526974,77.341561871068,38.1075315769261,68.28631704403254,100.32251026358972,78.2379653018877,34.929700222380674,1.0,2.5962002238113775,2.0353531676930428,1.2832644758191,-0.7821227902932558,2.51855361904876,0.9927470917372092,1.493000016802795,3.303083468469065
2014-04-30,798.4,136.593,95.4152,90.5536,269.9,252.5,1.26,66287.0,340.56,98.8095,195.2,107.875454545455,102.178636363636,130.9258,105.2354,98.3073,122.8828,456.6,282.3,267.5,297.8,440.2,307.536,118.3,201.7,104.8,292.9,386549.0,99.48330366817508,236.468,84.1,0.12,11243.8,1085.0,12718.0,6.2,5906.2,116.4,89.6989,392.4,57.69431004297709,79.77558647164844,78.431833734937,76.85455255320066,38.852670982253514,69.56906357367535,104.9175656222148,83.63648622790362,34.75375730967328,1.0,2.657657476825253,6.47687228280452,2.3288188565883123,-7.231661496350305,-6.947339699864856,-16.939622737282537,-25.519291822767407,1.8628946502015042
2014-05-31,800.1,136.1602,94.5179,89.9257,269.5,255.8,1.27,66079.0,339.154,98.9265,196.7,109.675909090909,102.00318181818199,132.7837,106.9107,100.2438,124.1562,455.3,279.5,267.5,297.8,442.7,314.119,117.3,174.4,104.3,290.4,386876.0,99.4698869150407,236.918,81.9,0.11,11303.775,1016.0,12766.3,6.3,5910.6,116.4,89.8687,392.5,58.36278852505436,82.35655047450848,77.54673391099898,79.69560237509874,40.69559217242184,71.34830368625592,107.64548638218048,85.48955281512033,36.92121755580371,1.0,2.792270536291361,-0.9739696799846027,3.1904710132977794,4.093845374276956,2.2073131743220875,2.2440322682039167,1.9122329551314365,5.3826349699227665
2014-06-30,802.8,135.7531,95.5699,92.0078,270.0,257.0,1.26,65995.0,338.33099999999996,100.1373,198.1,111.868571428571,105.241904761905,136.1791,108.9766,98.611,126.8127,455.5,280.1,267.6,300.0,443.6,314.699,120.4,167.7,103.6,298.3,387554.0,99.44387138159,237.231,82.5,0.11,11366.74,1003.0,12825.3,6.1,5919.3,115.7,90.386,396.5,59.17856336134299,85.29542336569371,78.11845046821004,85.13761700595553,44.88864544832459,69.75739666446422,109.14118420897438,90.05372798670751,39.429799643107685,1.0,2.552985712013682,0.5274520540182841,4.885298181171047,7.3713789354340955,-1.595243103195593,0.9940626753830115,3.8195745237969665,4.860915053157198
2014-07-31,803.1,135.3754,96.0948,92.3464,271.1,256.8,1.25,65946.0,338.806,99.78,198.5,106.983043478261,102.986086956522,136.713,109.552,98.1078,127.4696,454.4,269.2,267.7,308.0,444.2,311.67900000000003,120.0,202.1,104.6,297.3,388119.0,99.4358063724724,237.498,81.8,0.13,11425.175,1073.0,12865.1,6.2,5928.7,118.1,89.1587,398.5,59.7201341708711,86.06343234109151,75.98013733827916,86.20713615842199,47.808218315653306,65.3409510912674,110.91496696043222,94.9952457617072,37.949996954232944,1.0,0.983897226153823,-2.9910718969493555,1.372701934949992,7.1070928357760135,-6.918178895932065,1.7759099301673793,5.996085757421285,-4.100987180738557
2014-08-31,804.7,135.0187,96.6935,93.2408,271.0,258.9,1.25,66099.0,340.2,99.7398,198.1,101.922380952381,96.38142857142859,137.9118,112.8737,96.1641,128.5011,454.9,253.3,267.8,316.4,443.8,309.923,120.8,189.5,102.7,299.4,391346.0,99.5292958138313,237.46,82.5,0.13,11453.025000000001,1047.0,12926.0,6.1,5941.1,118.1,90.2569,398.0,59.27804688364596,87.53066807258631,73.51673613392026,82.63586084820456,48.74590254866795,69.83765781638662,107.43809677930173,91.1592272783361,37.83604603939408,1.0,-2.3030002268573107,4.37973489559128,5.596195292458335,-2.6495175639589363,-9.296551093479806,4.23458709397125,5.454959980699821,0.40561949423216587
2014-09-30,806.1,134.6749,96.4495,93.0474,271.4,262.3,1.27,65291.0,333.25,99.9532,198.8,97.3363636363636,93.3490909090909,140.0231,115.9935,94.3693,129.8303,451.5,247.9,268.2,317.9,444.2,306.111,114.5,160.4,106.6,282.4,389737.0,99.7305981184838,237.477,84.6,0.12,11488.699999999999,1076.0,12965.8,5.9,5951.8,117.5,91.8482,398.3,60.22944542870856,89.11926115009784,73.39593613860663,80.72052354773227,48.54094410905688,68.5853934492961,104.80698848394228,87.58024422951844,38.812647476097446,1.0,1.1307948593224304,-0.10237928746416683,-1.4441360644740013,-0.2619745440000573,-1.1172175781140758,-1.5258499241067809,-2.446191254839835,1.6082109564758102
2014-10-31,808.7,134.3384,95.7479,92.2144,270.4,256.2,1.28,64725.0,323.344,99.9328,200.8,87.2695652173913,84.4,141.0586,117.9773,94.2113,130.822,449.8,226.0,268.0,317.9,447.3,307.357,115.2,160.4,101.9,284.5,390428.0,100.0136018885,237.43,86.9,0.12,11550.575,1100.0,13020.8,5.7,5957.1,116.5,90.962,401.8,58.493079217100934,80.8343025776926,68.91894818919158,71.1917283446167,45.8152862506915,63.04758368669751,99.06185591987348,78.44124329898466,37.05698462207622,1.0,3.224677608810338,2.115833307115776,4.09469502783383,1.9477385443540651,2.800747367058413,1.901416901967051,3.6195960679480037,1.569044969974168
2014-11-30,807.8,134.0068,95.9177,92.9731,267.7,249.3,1.29,64187.0,317.626,98.6241,200.7,78.438,75.7015,141.0873,119.6492,92.2684,130.0715,449.2,213.3,268.0,317.9,449.8,305.983,114.7,151.6,101.3,283.5,391684.0,100.360837612442,236.983,88.8,0.13,11577.575,1062.0,13083.8,5.8,5969.8,115.9,91.6716,399.5,61.70982982370725,83.43161028463918,72.52078403351895,70.53180108378517,46.93230459999205,66.20353215027232,100.90101605741434,76.94403950180688,44.66452755853004,1.0,0.5842716328836565,0.9503254668460484,-0.1685596516632741,0.4433400804408514,0.9102245577722289,0.33759824313130476,-0.34707516915364783,3.7330295491003054
2014-12-31,808.3,133.68,96.3036,94.0446,266.5,260.7,1.29,63795.0,295.589,100.5227,200.6,62.163043478260896,59.0995652173913,145.0839,121.6485,88.8846,133.5039,434.8,188.6,268.3,323.8,448.8,301.03700000000003,116.3,136.5,98.3,287.5,388533.0,100.745865421227,236.252,93.6,0.15,11660.1,1074.0,13164.6,5.6,5972.8,116.6,94.3337,404.2,61.96802600486132,80.35754432699716,70.93410560290606,63.783278263891816,42.746426831044,62.4120685462168,96.06679927677146,66.63819534558192,49.154665351137254,1.0,-8.806170503505648,-5.229148333595913,-22.86800512962364,-21.31666185098264,-13.687693275890911,-11.450781198290013,-32.01202315449738,24.02710567070123
2015-01-31,805.4,133.3581,96.1474,95.2212,265.1,250.4,1.31,62605.0,271.767,99.61,198.8,48.4168181818182,47.6036363636364,144.0177,114.8165,83.6977,133.154,412.2,139.2,268.4,325.7,449.9,295.401,115.7,160.8,99.2,286.1,385672.0,101.005275842089,234.747,98.1,0.16,11713.099999999999,1057.0,13226.2,5.7,5990.9,113.9,95.2114,412.9,61.35110845016423,79.30070512507946,73.13431184573082,62.25837850603582,42.08812106434935,59.820342394693455,94.31687501334854,63.80940609810127,51.269714983203855,1.0,1.3210607556772858,-3.1156511770494473,2.401457980570146,1.5469218539331508,4.17120051603267,1.8297277091096307,4.264006898914273,-4.3221153443009275
2015-02-28,807.0,133.0338,95.9509,95.1565,264.8,267.4,1.32,61987.0,270.248,99.8586,197.3,57.9305,50.7175,145.8821,98.7635,75.9382,134.291,410.2,140.6,267.9,325.7,451.3,292.732,113.9,160.2,99.0,281.6,384783.0,101.007522565544,235.342,95.4,0.15,11840.75,1131.0,13264.3,5.5,5998.8,112.5,93.8283,415.4,63.03703584102447,85.16379944869455,77.05758079122225,66.06934766879124,43.47407500342593,70.33627165813775,95.44784485381922,66.38663956512355,50.05058266308867,1.0,2.690502371107939,1.9521376988332724,2.227517764384765,1.1983199956544162,6.397087759671086,0.4363602359652704,1.469780925517857,-0.8653135189678707
2015-03-31,806.0,132.7128,95.3253,94.706,263.5,244.7,1.33,61242.0,278.557,99.6026,196.5,55.7913636363636,47.7836363636364,146.4294,84.752,72.5182,134.6823,389.1,138.8,268.2,325.7,451.3,289.927,116.4,174.2,97.3,288.1,390642.0,100.912756314294,235.976,93.0,0.14,11870.080000000002,1071.0,13224.8,5.4,6004.7,112.3,95.5863,414.5,62.940817944092394,84.8702163191232,72.86891449405466,62.20259709098268,43.123597770780414,70.90420442880901,90.2266094806815,63.904479103967326,50.73487609783722,1.0,2.2584786548742066,35.612323945656485,38.34299769421522,5.281647148813053,-5.29002236764019,35.83827255947875,24.495656931654928,-8.957218302530988
2015-04-30,807.3,132.402,95.6774,94.0536,264.4,255.6,1.33,61336.0,266.62,99.8456,194.7,59.389545454545406,54.2036363636364,147.5234,74.968,65.8871,135.6711,383.3,140.8,268.1,320.9,454.1,284.478,114.3,160.6,97.7,282.6,390974.0,100.85903154591601,236.222,95.9,0.13,11916.4,1161.0,13295.5,5.4,6010.9,111.7,94.1338,416.3,63.06622243799171,87.92780102721683,71.03564131555854,67.59133160564295,45.48172102066643,70.79900020699763,92.49276424225646,69.76148859480737,48.57118842494148,1.0,18.08183372171447,-12.627115914159448,43.480802670294835,27.445477829408272,-0.7446984715310706,12.605910240801707,46.000643943297675,-21.40460655523203
2015-05-31,807.6,132.1002,94.7397,92.1645,265.3,244.3,1.32,61405.0,265.97700000000003,98.6254,194.2,64.5614285714286,59.262380952381,146.0012,70.4941,61.3295,134.5918,380.1,153.0,269.7,320.9,454.5,294.04400000000004,112.7,154.4,96.9,278.5,394401.0,100.780142416231,237.00099999999998,90.7,0.15,11939.050000000001,1270.0,13343.5,5.6,6017.5,111.9,94.2898,418.2,63.51473305983086,90.54845270462819,73.71051014343058,65.54904783083516,44.87209041270839,72.32423022044489,92.06439990135094,70.28500005191684,47.03798665498796,1.0,4.190898804257434,5.294808648509369,-4.248632531482563,-1.8847508997011455,3.0292303786407957,-0.6512228603763135,1.0551994037617787,-4.438586293836547
2015-06-30,807.6,131.8102,95.1652,93.4724,268.2,235.3,1.32,61589.0,264.83799999999997,98.2758,193.9,62.345909090909096,59.8045454545455,145.9948,70.2733,56.4383,134.6157,376.3,154.9,269.6,320.9,456.2,298.718,115.4,147.3,96.4,285.5,395076.0,100.793971645537,237.657,96.1,0.18,11990.679999999998,1367.0,13374.9,5.3,6033.7,112.3,94.0981,429.7,63.118243533172674,88.67594242616428,67.01676964538986,63.2582081474691,42.580922879556276,64.69257933555144,88.39404871340005,67.79143897695802,42.78418938912205,1.0,3.312729187298327,14.547293869519546,5.5984920711538715,8.179434929901147,16.903530922894856,6.386437277534452,5.683293932067232,14.486745164749845
2015-07-31,808.0,131.5382,95.1432,93.7241,267.3,238.0,1.32,62286.0,256.881,98.079,194.5,55.8656521739131,51.161739130434796,146.7075,71.7333,54.2038,134.7636,370.2,142.2,267.5,332.8,459.3,294.47,115.3,176.6,95.1,285.2,397918.0,100.681364024558,238.03400000000002,93.1,0.19,12046.650000000001,1136.0,13407.0,5.2,6046.0,112.2,93.3483,429.8,62.6663855141358,82.6744297259714,55.7616225263909,56.27759055259415,41.33448482319353,65.16555378503269,84.47956130035621,63.28317234764835,43.45518543247885,1.0,9.453830847786412,23.459599672461167,15.414515272033208,4.088919318549069,-1.0212595341705888,6.185926924574167,9.289399733170438,-2.1907335633834677
2015-08-31,806.7,131.2874,94.417,93.4105,266.5,247.0,1.33,61853.0,247.38400000000001,97.6651,193.5,46.99428571428571,42.863333333333294,145.8303,74.3336,51.3906,134.5316,365.9,126.2,267.4,332.8,460.8,291.17900000000003,112.6,181.4,95.7,277.8,397665.0,100.495390332862,238.033,91.9,0.26,12091.78,1166.0,13434.0,5.1,6047.1,111.6,93.4005,430.0,60.97192844020773,76.72821236304426,53.39479459790953,50.742642458439455,36.90459858672879,63.50712562628261,76.68241820858739,59.97499778201992,45.799769269200766,1.0,2.6599510690342316,1.5697675890513225,3.6373252035812853,3.9635479725977003,0.9412015802464927,3.4134058568194057,1.933322259293989,-1.9953920338054023
2015-09-30,806.3,131.0596,94.8292,93.1398,264.5,252.3,1.34,61468.0,240.732,97.8781,192.5,47.2345454545455,45.481363636363604,146.1372,71.6395,49.2687,135.0857,364.6,125.2,267.2,332.8,463.3,287.672,107.2,151.4,96.2,264.2,396260.0,100.32779209999399,237.498,87.2,0.27,12153.25,1143.0,13467.0,5.0,6054.1,111.3,94.2825,430.0,58.17284739262422,72.83501733452695,46.827219967192875,48.529981680243296,33.539542220857186,60.17940555797641,73.34202178398117,55.69877434336321,46.08297062807814,1.0,1.1052627606788827,2.6792951256391957,0.9498525992361971,1.9862152632097723,1.1414024137754921,0.9488917433067405,1.5531185492761064,-0.13469345725434168
2015-10-31,805.9,130.8577,95.0903,93.007,263.2,233.8,1.35,61027.0,240.46200000000002,96.6859,189.9,48.1240909090909,46.1963636363636,143.8665,68.5823,47.6416,133.6251,361.8,125.5,267.2,332.8,465.0,291.097,109.4,157.1,95.9,270.2,394829.0,100.356490153237,237.733,90.0,0.25,12169.6,1165.0,13476.2,5.0,6067.0,111.2,93.8906,429.7,60.366914133130756,79.20552980961209,45.552695235232655,53.7581787035934,33.28158030967809,63.45715782121815,81.65060038782423,57.15923061409489,48.02183744617987,1.0,2.3190207268644856,-0.7216396373569797,2.8563558115402823,-0.20392428248693856,1.4441048284943059,3.003615541470512,0.6952058322842721,1.1155216379645607
2015-11-30,807.2,130.6847,95.2055,92.8158,262.6,230.1,1.36,60432.0,240.65900000000002,95.1454,188.7,44.4171428571429,42.6523809523809,141.2204,66.0794,46.7497,131.6077,340.4,112.4,266.9,332.8,466.2,294.459,108.1,148.9,94.9,266.7,396164.0,100.470861036717,238.017,91.3,0.3,12271.780000000002,1251.0,13456.5,5.1,6075.2,111.3,92.9442,429.9,61.8591950049876,82.89215731089821,44.634175000855166,55.06705368996588,28.00945800773181,70.41292019913752,84.00749533502025,58.59300480008344,49.8884726327678,1.0,1.8828779038084664,-0.8156860848183379,0.9849224237529095,-6.408109738529784,4.4341718890369215,1.1676945320810868,1.0147119764987718,1.5724218807489934
2015-12-31,808.4,130.541,94.9484,92.226,262.6,229.0,1.37,59909.0,226.75099999999998,95.9017,187.7,37.7217391304348,37.2413043478261,141.8178,61.2578,46.94,132.7025,336.5,100.7,266.9,332.8,468.0,292.35900000000004,106.5,137.7,94.0,262.7,397132.0,100.566124294021,237.761,92.6,0.54,12328.574999999999,1213.0,13503.3,5.0,6079.1,110.4,94.1483,431.6,61.10011372700049,81.38419236747346,41.6224866173743,48.798695025482104,19.37816485207005,66.4364069422696,80.32161259344477,53.70756301297095,50.00411428426731,1.0,1.4824968757828112,5.498680754860152,9.276368264653835,25.1123378872785,4.60220608867758,3.5755220646704413,6.794758982475862,-0.1888991750589846
2016-01-31,808.8,130.4268,96.0164,93.0336,264.9,228.4,1.37,59970.0,216.90400000000002,95.7821,187.0,30.803333333333303,31.704761904761895,141.2218,58.4631,44.8933,132.5283,324.8,92.7,266.9,332.9,469.3,290.485,110.0,139.7,93.3,271.8,395370.0,100.578975490645,237.827,92.0,0.57,12432.699999999999,1176.0,13556.7,4.9,6089.1,108.5,94.221,448.3,56.992986934237635,72.81454917148659,35.122208005458276,42.06613087529813,15.993863668163508,60.13305862730139,76.72655861236858,48.48682527244496,44.76009562361913,1.0,1.566486261412506,2.323313722126442,2.0524670805778777,2.5981263526889107,1.4114616347805775,0.6658507680514771,1.446106702244415,1.5601357821155277
2016-02-29,809.9,130.3427,94.9823,92.2505,264.4,227.7,1.39,59291.0,211.58,95.1526,185.0,33.1980952380952,30.3485714285714,138.7921,49.4972,45.6411,131.6008,323.0,86.0,266.7,332.9,470.2,286.813,108.9,138.9,93.8,269.5,398143.0,100.542326862627,237.514,91.7,0.54,12531.48,1192.0,13568.3,4.9,6096.1,107.6,92.5878,450.0,56.56120397465368,74.3520040079218,34.578934068763076,41.60844759725536,16.486913501982066,54.204203094811405,79.84738670851235,50.90367742572743,43.92991074006628,1.0,-2.7870202336395784,2.0417049395413405,1.4361122814572493,-4.069052999774198,13.014080632609566,-5.368834881129802,-6.579338856427752,2.4481596471147697
2016-03-31,810.2,130.2877,95.8833,93.143,264.8,220.8,1.37,60027.0,211.81099999999998,94.7054,182.3,39.0717391304348,37.773913043478295,138.5903,45.7606,44.301,130.8875,321.7,91.3,266.7,332.9,471.8,285.073,112.5,144.7,93.5,278.6,396856.0,100.503223547951,237.99,91.0,0.55,12593.1,1113.0,13581.1,5.0,6110.2,107.8,94.2616,450.1,59.979684028705194,80.22470403608705,39.21115876623721,44.97589168688871,18.607539621471417,59.87136591815824,84.53579852467762,54.182813862725396,48.604688541523316,1.0,1.3068650230404926,2.216478950892847,1.339073687234167,2.128189724445083,1.729889337495573,0.9715175270906437,1.065849593730397,1.7607035804538367
2016-04-30,810.2,130.2609,95.0272,92.9181,266.0,233.5,1.36,60163.0,215.175,93.4125,178.3,42.247619047619,40.962857142857104,135.7038,42.2723,42.702,128.9798,319.8,102.2,266.4,336.8,474.2,285.472,110.5,137.8,91.7,273.2,398989.0,100.52487592858499,238.835,89.0,0.55,12672.8,1152.0,13560.8,5.0,6125.9,108.4,94.1607,450.9,61.540642297587034,84.07407522717824,38.52114246959876,48.691514614952204,18.893994157763295,59.39351477667882,87.88899593872495,57.460400162149014,46.83911843082468,1.0,1.843718226590347,-0.6761803596708739,3.1744225288229835,0.5915338919944084,-0.30668062690228554,1.524162752483256,2.3243710682963217,-1.395788720569251
2016-05-31,811.5,130.2598,94.8945,92.5253,266.3,234.4,1.38,60138.0,223.271,93.7718,174.5,47.1327272727273,46.845909090909096,136.1478,38.6756,39.8801,129.3395,320.0,113.6,266.4,337.0,477.6,286.079,106.3,138.3,91.5,262.7,400234.0,100.64499161118499,239.44,94.7,0.57,12753.3,1188.0,13548.6,4.8,6131.5,109.1,95.1018,451.4,61.26100617644869,83.17546508503393,38.51604088963628,50.576262136829776,19.62847454891145,53.967428196119684,91.19498961181438,57.81317772024847,41.76826900382244,1.0,2.352220183927514,0.02914568685263373,-8.518608360404793,-8.555101849461103,20.105572680278968,-8.278206779743051,-1.3511422014044656,23.82543055599692
2016-06-30,811.3,130.2829,93.8303,91.8522,268.1,239.6,1.38,60206.0,231.46599999999998,93.4754,169.7,48.4781818181818,48.7486363636364,135.5946,39.028,40.6557,128.7911,318.3,122.7,266.4,337.0,478.3,285.214,111.3,143.0,91.0,275.7,404730.0,100.623347806572,240.144,93.5,0.55,12820.2,1196.0,13553.7,4.9,6139.4,109.1,92.9185,456.0,61.85864859100531,83.26507898911638,37.91013910040637,51.57917907051426,20.801457444082782,52.892302092438314,92.35163386513835,60.52480996132154,39.15067341702922,1.0,0.11043910385501073,-1.6125133162374676,2.0326422506575863,6.12558885365214,-2.042068931931516,1.3000843789983076,4.807802973194079,-6.423900217448925
2016-07-31,812.4,130.3281,93.5806,90.9892,267.7,228.2,1.39,60050.0,230.515,93.0444,166.5,45.0709523809524,44.89190476190479,134.4678,40.1594,40.5342,128.0676,316.7,131.0,266.4,333.2,479.3,281.307,112.7,155.5,89.5,279.3,404494.0,100.479385080836,240.111,90.0,0.62,12868.25,1187.0,13591.7,4.8,6152.1,110.8,90.3457,456.7,63.761736605834926,83.40649541684537,37.32304182267832,51.093672403090544,22.542082279502193,51.471767203882145,94.82168339101,61.23011429427854,40.08802320646785,1.0,0.05520501316380312,-0.5033803314161112,-0.30595836145898375,2.7199001738890085,-0.8729733553060317,0.869365960350876,0.37877793413469135,0.7782228946541326
2016-08-31,813.7,130.3926,93.4421,90.3199,267.7,236.3,1.41,59668.0,228.571,92.5344,164.6,46.1443478260869,44.7491304347826,134.5392,41.29,39.1685,127.2585,310.8,124.3,265.2,333.2,481.3,280.894,110.6,154.4,89.9,274.0,404578.0,100.375386016008,240.595,89.8,0.73,12960.619999999999,1207.0,13606.6,4.9,6167.2,110.1,90.4586,458.3,64.61336737666575,83.9492155036396,36.3572507679653,52.85353192280018,24.137741776066537,54.70697105041942,90.12705930564475,62.33607166266882,39.56690715397465,1.0,0.4871747987857668,-1.937380567127907,2.5788119543560613,5.299745108943574,4.705885575733179,-3.7068238912074327,1.3523282124390548,-0.973259389754144
2016-09-30,813.2,130.4739,94.2663,90.5097,268.2,233.9,1.38,60744.0,229.403,91.2625,161.0,46.1886363636364,45.1672727272727,131.4438,42.7101,39.2504,125.4367,310.0,129.6,265.2,331.8,481.1,279.469,103.2,139.6,90.0,254.4,406362.0,100.356581265978,241.06799999999998,91.2,0.75,13026.85,1283.0,13646.9,5.0,6172.2,110.4,91.142,458.5,64.00921952039369,82.78213610083678,35.6982921044132,53.21832350577132,25.742293962020103,55.489050557717356,88.14660535297442,59.64434378865814,40.89811629031117,1.0,1.48683542127481,1.9384128178547269,-0.7381590204348553,-7.109455595477873,-1.5289291920288577,2.350112673651481,4.618180021238442,-3.5982664719170114
2016-10-31,813.0,130.5678,94.3467,90.8581,269.0,238.2,1.4,60382.0,235.662,92.6757,158.5,49.732380952381,49.8852380952381,134.8621,45.6183,38.8123,127.3492,302.3,141.8,265.2,331.7,481.1,275.345,106.4,141.0,97.8,262.9,407921.0,100.432071097335,241.641,87.2,0.72,13092.82,1281.0,13672.0,4.9,6180.9,110.3,91.6543,459.4,63.46833759925263,82.03380584014963,35.01478420885418,54.68173903568035,25.112263643676535,55.874819816658224,89.49246355000858,63.260481772955714,43.62135816649697,1.0,1.069785593307202,2.2658761235597447,-3.2542172029476575,2.8963715304795414,-0.8227357882801888,-1.8068985881928807,-7.17489905652664,-7.879941213640143
2016-11-30,813.9,130.6707,94.8362,90.7428,269.3,236.3,1.4,60210.0,236.80700000000002,92.5707,157.1,46.4359090909091,45.6231818181818,134.52,47.4799,40.6787,127.2299,302.2,129.8,265.7,331.6,482.1,275.435,107.7,135.3,97.8,266.2,406599.0,100.75517280732402,241.993,93.8,0.71,13168.199999999999,1246.0,13699.7,4.7,6186.3,109.8,91.1294,459.5,63.76867137668834,82.31849931733241,38.95200549523414,54.0200676170391,25.08636073341558,59.062232993336046,90.61169247594418,63.163757420393395,49.34150427522875,1.0,0.7333944195416104,23.76245541110498,-2.557131147155334,-0.21797949568834363,12.05522089816959,2.6429284560646584,-0.3231143759888052,27.711554171902215
2016-12-31,812.5,130.7779,95.4255,91.9683,268.8,230.5,1.39,60793.0,244.666,92.4053,153.1,54.066363636363604,52.0136363636364,134.6018,50.9598,41.2462,127.0879,302.7,155.6,265.7,331.6,483.6,278.915,111.6,138.1,98.0,276.3,412436.0,101.086380412693,242.71200000000002,98.2,0.87,13195.525000000001,1257.0,13718.5,4.7,6210.1,108.7,93.8675,460.1,66.08511321857834,86.37677496978439,41.74188010198865,59.204976352436375,25.75527403910733,63.91723793062835,96.33183324301879,68.27248199840571,54.54050621404994,1.0,1.3571569201623106,1.9716999649501965,2.6422381597239166,0.7340373173663668,2.2629021805646583,1.7378346077800484,2.2265399922564324,2.9006381940787502
2017-01-31,814.3,130.8804,95.2344,89.9037,272.8,232.8,1.39,61088.0,251.078,93.0937,149.6,54.8927272727273,52.5595454545455,135.7984,54.9728,42.177,128.189,302.8,166.1,265.3,331.5,485.7,281.043,112.2,141.4,92.9,277.3,416299.0,101.231821231369,243.717,98.5,0.9,13265.560000000001,1321.0,13802.7,4.7,6231.8,105.3,90.2306,474.3,67.02089406214552,88.18187094077953,44.291688129309456,58.1712451027082,26.137280871880893,63.01513362040707,93.80362570423026,66.10647722628887,55.01293799818353,1.0,1.4758179895862895,4.313849262855548,-1.233044984824262,1.0474527558244793,-0.9967086935847296,-1.8534137674321713,-2.240491008837488,0.6117154248265763
2017-02-28,817.6,130.9818,94.3593,89.3656,274.9,234.0,1.38,61686.0,250.394,94.5852,148.1,55.4935,53.4015,139.1702,58.2309,44.8933,130.4757,312.1,160.1,265.4,331.4,486.8,282.987,112.0,136.7,93.1,277.3,415060.0,101.219753804853,244.028,96.3,0.87,13339.05,1247.0,13855.3,4.6,6232.4,105.3,89.4493,473.8,68.48801420860337,91.0028899241371,44.9638258661654,56.315366448004575,25.79193031801007,61.211250501005296,89.58909898329915,61.51366558000682,56.22681254792554,1.0,1.4614071771614192,0.6932351613027034,-1.4574234511181083,-0.6035931302259631,-1.307699835749407,-2.05245537239469,-3.1737970843249887,1.0079836853229875
2017-03-31,819.2,131.0775,95.1703,89.5652,276.1,226.7,1.39,61655.0,249.34799999999998,94.9138,144.5,51.9682608695652,49.584782608695704,139.1998,61.8592,43.0329,131.2455,322.9,135.4,265.4,331.4,489.1,283.89099999999996,110.3,134.9,92.5,272.6,414214.0,101.189743365536,243.72099999999998,96.9,0.98,13408.3,1286.0,13924.9,4.4,6240.8,105.3,91.0735,473.6,69.2603812942319,92.79247154215223,42.68844700263942,53.735331661414214,25.398269856566422,61.135463829014746,88.47259664568091,59.2199851035507,54.03246704681868,1.0,1.7437617301169595,-4.487260457550766,-4.062463417859838,-1.3534080848267442,-0.10978737480945065,-1.1050839820150735,-3.3063751386980162,-3.460607623976808
2017-04-30,820.9,131.1626,95.874,89.6027,277.2,236.0,1.38,61960.0,250.528,94.5667,144.9,53.0635,51.168,139.4411,65.7743,44.5752,131.1686,323.0,149.2,265.5,326.5,489.0,283.45099999999996,112.8,130.2,95.0,279.3,417247.0,101.15087649932501,244.058,97.0,1.03,13460.825,1245.0,13917.0,4.4,6250.4,106.2,90.5854,473.7,69.04529266673798,92.65493623922582,43.71590178506883,54.144935018985876,25.653544787550487,60.062117918788104,87.65957034417772,57.35271316333513,53.340329616381226,1.0,0.47727520821584063,-7.750322818789761,-2.454545030814402,-3.2364690928210806,5.653454798233032,2.9591245920987643,10.153288043304695,4.124819690457134
2017-05-31,821.7,131.2359,96.9618,90.766,276.7,239.9,1.4,61316.0,246.638,95.3046,143.8,50.8708695652174,48.5595652173913,141.5133,67.5574,46.0398,132.6948,323.8,142.1,265.4,326.5,490.4,279.032,109.5,139.3,94.7,270.4,415000.0,101.081004156927,243.926,97.1,1.05,13527.16,1201.0,13977.7,4.4,6254.3,106.4,92.3046,475.0,70.27312777310931,92.1248562421458,41.76133762028266,51.51600588589788,24.382255472779125,60.942878872595884,87.3500391315781,53.574476322605165,56.627145735436834,1.0,-0.3217117201743127,-2.514227190013614,-2.730329557085494,-2.7867052827096996,0.8246153959741921,-0.19856337210557407,-3.70449692736966,3.4650837934858125
2017-06-30,823.2,131.2951,97.426,90.9807,277.5,248.0,1.39,61491.0,244.38,95.6058,143.0,46.8945454545455,45.1677272727273,142.0318,70.6382,47.9857,133.7228,325.1,138.0,265.4,326.5,490.4,273.401,113.6,141.8,94.2,281.1,417072.0,100.97714728206101,244.179,95.0,1.16,13556.7,1317.0,13965.5,4.3,6260.5,106.6,91.6017,479.6,71.55944616259539,94.78811339377499,42.23776021083418,48.78702011068139,23.450772789302444,61.51979387129786,86.62419362762374,50.68595418727793,59.47798858580217,1.0,1.57934527041625,0.6232449252881779,-2.8940091055433994,-2.087092578086737,0.517165647608541,-0.453964500259493,-2.9454969055159603,2.750359166753433
2017-07-31,825.2,131.337,98.1632,91.6366,276.9,242.3,1.39,61751.0,241.486,95.9691,142.2,48.69,46.6738095238095,143.7723,70.1713,47.1949,134.9464,323.9,137.5,265.1,327.2,490.7,274.91,111.3,165.3,84.5,275.3,417658.0,100.936907915845,244.328,93.4,1.22,13611.74,1255.0,14005.4,4.3,6272.0,107.5,90.8264,480.5,72.14238027524652,96.66485413810989,43.6869758614079,49.24063382782943,26.334417689048017,64.03429246727407,85.83637422111525,48.64200330982279,59.94455182017642,1.0,2.4305127490076943,4.2119153605086055,1.1413777095943878,15.09496534710694,5.017461237160214,-1.116438925241655,-4.950286419708431,0.9629455708891559
2017-08-31,824.7,131.3603,95.5935,91.359,277.5,242.1,1.39,61668.0,249.863,95.0613,141.9,51.3695652173913,48.0317391304348,143.2902,68.2596,46.7032,134.4899,329.0,141.2,265.1,327.2,492.8,271.587,108.8,164.9,84.6,268.5,418332.0,101.031550831767,245.304,96.8,1.25,13671.775,1315.0,14031.2,4.4,6276.7,107.8,91.8856,480.4,72.21938763277595,95.21877432172714,43.66765539394047,46.50990410057896,25.572866957570817,63.70071630430751,85.06916880678605,46.16723862222971,53.748830192530825,1.0,-14.014638856634168,-0.41430854812802204,-51.95332289893484,-27.09151962886444,-4.88023392841586,-8.373336429606303,-47.66292643038945,-96.82788051812676
2017-09-30,825.6,131.3665,93.3879,92.2039,277.6,243.4,1.38,61895.0,259.453,96.1365,143.6,55.162857142857106,49.7061904761905,146.5172,67.1126,48.0306,136.9548,329.1,145.4,265.0,327.2,493.9,270.26,106.5,149.4,84.3,262.6,427552.0,101.150083947993,246.445,95.1,1.25,13708.075,1261.0,14067.1,4.2,6279.6,107.9,91.8171,476.8,73.14533506417635,90.41638381381439,45.67574378376562,49.041498891970164,25.99882071091891,67.15258202379411,88.23093561038353,48.53783456850031,52.26612209020119,1.0,-3.9337101415833864,3.5866617488530674,4.245376580069729,1.2991236845406673,4.226462766282881,2.898845813095762,4.004894763773537,-2.1515632346165043
2017-10-31,831.1,131.3558,98.616,93.1261,280.2,244.7,1.38,62718.0,261.211,97.282,142.2,57.6177272727273,51.564545454545495,149.0555,66.1181,48.0572,139.6581,328.7,148.6,265.9,327.2,496.1,270.966,111.2,154.1,93.8,274.9,428663.0,101.29693331926201,246.57,100.7,1.26,13765.6,1349.0,14113.4,4.1,6275.7,108.0,93.3085,484.2,75.1328304180045,94.96543070757242,47.927862698941766,51.622187664727015,25.314962748717154,71.26413791146064,91.19208301624305,48.044934001513795,56.16448399162369,1.0,1.8516282231992844,1.8146221244283518,1.936655656448098,-0.9680388125984236,2.253325821953757,1.235149861835851,-0.37373126613228685,2.7450002417108847
2017-11-30,829.6,131.3289,99.1415,92.5974,281.2,246.2,1.36,63852.0,271.965,98.5986,141.5,62.575454545454505,56.710454545454596,152.8129,65.2223,47.6457,142.7519,330.1,157.5,265.8,327.2,496.8,269.098,112.4,150.4,94.0,278.2,431718.0,101.27725106675301,247.333,98.5,1.32,13792.175,1314.0,14155.7,4.2,6273.9,107.6,92.3087,483.5,76.368666891699,95.37948820375657,48.99535781801363,54.230044069040396,23.787113160436757,75.38422216774573,90.45152267951269,46.455560345719306,52.91431144722571,1.0,0.26507199745531707,1.3540870258810198,3.07125594674726,-3.6692056218669125,3.5148257797671554,-0.4937101474866733,-2.011162443962864,-3.5181421699870628
2017-12-31,833.5,131.2878,99.0582,93.5176,282.5,247.1,1.36,64060.0,275.783,98.7475,139.9,64.21190476190479,57.962380952381004,153.9728,66.2419,48.398,144.2756,332.3,163.4,265.8,325.3,496.6,268.356,107.9,158.4,94.1,266.4,433706.0,101.196236678524,247.847,95.9,1.54,13832.625,1315.0,14218.2,4.1,6277.1,108.1,95.541,483.5,78.42187069132403,96.49102438073909,50.6666126734593,55.417677610213715,24.513483937935028,80.40701343970146,92.64256942465985,48.00573617994929,58.738792931018374,1.0,0.4334627327829152,1.2687349352408726,0.8145648158680939,1.1357945370157627,2.478265454441788,0.9009878016128899,1.241156110389315,4.0941831823705535
2018-01-31,833.0,131.234,97.7663,93.233,284.7,249.0,1.36,64217.0,292.47700000000003,97.3331,141.3,68.9865217391304,63.5569565217391,153.731,68.0076,48.8614,143.5939,327.6,170.6,267.4,326.2,496.8,266.746,107.8,146.4,96.3,265.6,434453.0,101.224966498137,248.81599999999997,95.7,1.63,13852.86,1384.0,14358.3,4.1,6282.7,109.0,94.0157,493.6,82.19160654801102,100.75953912493671,52.47503274849882,61.259572298812536,26.775921540457915,85.65065970147523,98.119899644024,55.535148120054394,61.078742735115824,1.0,0.9202718680122165,0.7425124266150538,2.1929648933374692,1.9199850568792327,1.3566434810341583,1.229941938575407,3.2628281583610663,0.8287199633803648
2018-02-28,831.0,131.1722,98.4095,93.8184,286.4,256.0,1.36,64302.0,286.151,98.1578,140.9,65.422,62.15,157.0382,70.5401,49.0333,146.3011,328.9,172.4,267.3,326.2,499.2,266.947,110.0,144.3,96.8,271.7,434970.0,101.381400301019,249.475,99.7,1.78,13888.925,1339.0,14394.8,4.1,6302.9,109.7,93.4924,493.8,79.80324260210406,95.3365503786563,50.194983103725704,56.02748949790916,24.73691746772807,79.05175200342087,86.85393091406249,49.626084510421435,56.457157627871524,1.0,1.8521642345194893,1.495266308296319,2.9391896582040093,2.620599352140868,2.65135758396989,3.9512854838010933,3.66165728145032,2.6039211497971175
2018-03-31,828.1,131.1034,99.0101,92.746,288.6,258.6,1.36,64361.0,285.385,98.1415,142.8,66.4454545454545,62.8613636363636,159.1853,72.7943,48.4452,147.8483,328.2,156.0,267.5,326.2,497.9,266.78700000000003,114.5,142.3,96.7,283.4,434200.0,101.47857395086099,249.41299999999998,101.4,2.08,13946.75,1406.0,14447.8,4.0,6302.3,110.0,93.9834,493.9,79.68854778066442,92.55887215353866,50.41875690856554,54.72569429752225,23.39582098414442,80.97870502191206,85.00662556995232,48.72745473547023,58.09867506580965,1.0,20.272122846402652,-3.101884784309028,16.166582828707057,37.721692654070466,-16.96041033230315,14.798780759121373,12.59933205936887,-20.230341764407296
2018-04-30,831.3,131.03,99.7754,93.1363,288.4,255.8,1.37,64374.0,289.13599999999997,97.9989,142.8,71.62761904761899,66.32047619047621,161.0924,74.8862,51.7111,149.263,329.0,163.7,267.5,323.2,499.3,263.736,114.8,139.2,94.9,284.7,436873.0,101.429716076529,249.957,98.8,2.2,13987.679999999998,1376.0,14463.2,4.0,6308.5,110.4,94.3406,492.8,78.05913532655771,90.64364883656262,49.6870556409869,59.50813332974896,23.130777833171578,89.98075981202899,89.01086542712225,51.12359454426361,54.962516754318195,1.0,1.011966759835741,0.7097518849812252,-4.273887076230437,0.5540426239070972,-5.436704211509437,-2.303733238810116,-2.4049348110778026,2.6399556443204855
2018-05-31,832.7,130.9577,100.2773,93.0817,289.9,257.6,1.36,64863.0,289.883,97.5986,142.9,76.64695652173909,69.8926086956522,161.5769,77.3738,51.4332,150.3269,332.4,174.4,267.5,319.9,499.5,261.65,112.0,142.8,95.0,277.0,441597.0,101.34723337613501,250.64,98.0,2.16,14050.675,1321.0,14490.8,3.8,6325.1,110.3,95.6297,493.7,79.48170059644684,91.69293502174963,52.40954247169324,64.62568005114836,24.673025437876735,99.93949198901265,93.06706194502564,53.841831740549566,53.033389512591725,1.0,0.6351965196801442,3.0065889713773712,4.718859245802853,3.658603972285132,6.073037059148519,2.500503684306257,2.9175445995202183,-1.9259534998468621
2018-06-30,834.1,130.8905,100.6931,93.1544,290.8,257.8,1.36,65456.0,294.522,98.9624,143.2,75.19142857142859,67.5228571428571,167.0842,79.1909,52.5537,154.1602,333.7,172.2,267.3,319.9,500.7,257.736,115.1,148.4,94.7,285.4,441099.0,101.291560679499,251.176,98.2,2.19,14113.2,1306.0,14533.8,4.0,6337.3,109.5,94.4613,494.9,81.01387954913595,92.9421727639091,53.74625621816384,63.91109942196325,25.672132647850816,98.50778402251379,93.49692072252566,50.94045395658969,53.1893024682199,1.0,0.7067517310194911,1.3230787808459568,-0.5735929060781279,2.100619269519242,-0.7431473997357726,0.23960035323177453,-2.7953881083231207,0.15250724581002476
2018-07-31,833.9,130.8329,101.4915,94.0236,291.2,257.2,1.37,65320.0,295.67,99.6028,142.9,74.4377272727273,70.99136363636359,170.2561,77.006,52.5237,156.899,331.9,182.4,267.4,332.2,501.7,264.2,114.6,178.4,93.6,284.1,443270.0,101.261333552589,251.482,97.9,2.17,14151.319999999998,1316.0,14577.8,3.8,6339.2,109.5,94.6019,498.2,82.09672110687815,92.66141983726126,52.851056800671664,66.3702830848999,26.58130850323346,95.16541884030951,93.99429582695927,50.02838638551514,52.89584274830374,1.0,-0.22599872348935185,-1.2461378509411032,2.878784737375864,2.649600888322369,-2.5385040698124723,0.3979983306607698,-1.3395493519373223,-0.4127800684462043
2018-08-31,837.4,130.7881,101.4871,93.7812,292.2,256.5,1.37,65719.0,300.31,101.2469,142.4,73.12869565217392,67.9886956521739,175.4124,77.2703,52.8755,161.2358,331.7,175.1,268.5,332.2,502.2,267.815,111.9,169.9,94.0,276.8,441704.0,101.27213851814699,251.905,96.2,2.19,14191.05,1267.0,14634.2,3.8,6346.8,109.4,95.5208,496.6,83.9745788944126,95.82904040773988,54.580869182097736,64.67336795391813,27.09851000497481,101.4186209298462,91.20229503450072,48.5601279321918,57.28796115654096,1.0,1.494504807952026,1.430897213673079,-1.1177625755325014,0.8506414355785692,2.872674461519607,-1.2986052402974275,-1.283066384875477,3.6300751134392173
2018-09-30,837.6,130.7582,100.8444,93.4669,291.6,258.1,1.36,66010.0,299.447,101.3531,141.3,78.86,70.1855,177.1282,77.0159,53.5373,163.1155,329.0,182.7,269.0,338.0,503.2,268.875,111.5,146.4,93.7,275.9,442814.0,101.35212389661,252.261,100.1,2.24,14224.625,1288.0,14627.8,3.7,6357.7,109.2,95.7881,497.2,85.26327500360817,96.78847342696824,55.571874762489834,64.90992882578291,26.43465192218281,100.0700637941124,93.26662342566303,46.380035738936,59.86696040300687,1.0,0.6524013316424624,1.1831313711967664,0.2383497778573801,-1.596346456698996,-0.866460896954655,1.4749263543443496,-2.925447811222333,2.9334937439146693
2018-10-31,839.3,130.7443,101.2015,93.8387,292.5,259.1,1.37,66006.0,305.47900000000004,100.6358,141.3,80.4704347826087,70.75130434782609,177.6539,77.6768,54.4054,163.6123,333.9,186.0,269.0,338.2,503.7,268.885,115.6,149.6,94.8,287.3,448136.0,101.335035886646,252.77700000000002,98.6,2.37,14237.88,1281.0,14655.6,3.8,6368.6,109.3,96.7992,498.2,81.80846231470021,86.57404314335355,52.948801794210695,63.77301969505109,25.620551347572903,90.53772589501739,91.99540821340118,44.38897784986238,54.6120472344409,1.0,2.6045218942062416,1.1649112184367019,0.43226704333134985,0.7600496601261917,2.3508924222970595,0.33638012784943844,1.059474021612479,2.1662862333694832
2018-11-30,844.1,130.7471,102.1735,94.6028,293.1,254.2,1.37,66658.0,298.371,100.7305,141.8,65.1736363636364,56.567727272727296,180.2319,78.9489,53.3016,165.3631,340.5,166.4,269.0,338.2,504.6,265.226,118.2,151.2,94.5,294.1,448756.0,101.23024490448299,252.662,97.5,2.56,14235.8,1334.0,14675.4,3.7,6380.2,109.1,96.7646,499.1,79.94939863467125,87.14924875120904,52.64071632780069,57.60045625798623,24.494607380189326,77.93158033660265,89.46084245564899,37.02936218987607,56.594138787700786,1.0,-0.29237442091276195,0.25604661466332707,4.25924423037628,1.933892238329998,6.127124415324751,1.2123872926180626,7.295985356165473,-1.5971261370497014
2018-12-31,843.0,130.7664,102.1209,94.2391,292.5,252.5,1.36,66793.0,279.764,101.4674,141.4,56.4638095238095,48.6352380952381,183.5231,79.0067,52.5002,168.1112,341.0,175.2,268.9,338.2,508.3,261.743,116.7,149.6,94.9,290.4,438731.0,101.066752163956,252.653,98.3,2.69,14346.039999999999,1339.0,14814.5,3.9,6381.8,108.7,97.4418,501.5,75.3777563521066,80.47688784558103,47.3145833077105,52.411788717612,22.600807031262164,69.78199886497778,83.42070878643814,30.530036259239154,52.7852215734448,1.0,1.3389329890493715,1.7694291549393526,1.57533485331858,1.3520933295128654,1.828793978955769,1.1807461188948691,3.0694816798965063,1.1769907198597804
2019-01-31,844.0,130.8279,101.3659,93.7248,293.7,258.9,1.37,66464.0,275.096,100.8084,142.4,59.272608695652195,51.3573913043478,182.6073,78.9885,55.3798,168.5364,341.3,156.0,269.3,338.3,510.5,259.373,118.1,137.9,94.6,293.8,445572.0,100.871054276721,252.55,91.2,2.59,14432.175000000001,1316.0,14823.6,4.0,6383.2,109.3,96.1335,509.9,76.64516579920962,82.83381544930994,48.80743331184236,54.15038803759336,24.525428576602227,74.1180874794098,82.68572795696184,32.64524185217382,51.102258366239894,1.0,1.7418122312690758,1.876495038112811,1.9728623743098375,5.064629290987335,3.6955664017008734,-0.523996519586398,4.1205153130542085,-1.8962191972926135
2019-02-28,851.1,130.8767,101.5478,94.323,293.4,255.0,1.37,66494.0,279.43,98.3355,143.6,64.134,54.986000000000004,177.7803,77.927,55.3032,165.902,339.8,148.1,272.1,338.9,514.7,260.683,114.6,144.0,94.9,283.3,442081.0,100.92294608874901,253.18099999999998,93.8,2.49,14461.099999999999,1287.0,14889.0,3.8,6393.5,110.0,95.2957,511.0,80.99141604478315,84.47149456979457,50.9234451942033,55.20876730506963,26.401252619813373,76.5010512973321,88.3020576307947,34.296114615898,54.749554477538894,1.0,0.3486512172206889,0.7645434507020807,0.3446750050270357,1.3487937117954825,0.5669741826792638,1.1978214284733213,0.8917923692474152,1.2586383781350137
2019-03-31,847.6,130.9497,101.3061,94.8928,293.3,252.4,1.36,66572.0,283.385,97.9929,143.9,66.4109523809524,58.1538095238095,179.7723,78.1672,55.035,166.7126,339.8,148.0,272.1,335.8,514.4,259.024,116.5,149.9,94.1,289.0,450752.0,101.13196646591801,254.095,98.4,2.48,14501.100000000002,1288.0,14921.7,3.8,6403.7,110.0,97.2913,511.3,82.44232589407163,85.25503367967012,47.038952721594434,54.8637480113863,27.49096999205544,75.19173866580246,92.14696501872416,33.24371679266486,50.790701980729075,1.0,0.5177845218518933,-4.258092285310815,-0.3488461182022431,2.304028809172336,-0.9553764190832833,2.430600724728532,-1.7129062048382413,-4.036335842945415
2019-04-30,848.5,131.0455,100.422,93.0551,293.3,258.3,1.37,66079.0,285.342,99.3946,146.1,71.1968181818182,63.8759090909091,185.4908,77.174,54.1484,170.3926,339.7,148.9,272.1,335.8,514.2,258.871,118.6,150.7,96.1,295.2,452232.0,101.28551429385999,254.94299999999998,97.2,2.47,14555.5,1290.0,14915.0,3.6,6408.6,111.0,95.4818,511.4,85.10513772306788,78.1169632245371,51.783500666169665,56.76676364966905,27.947557264283734,75.78333011072911,92.73584094915583,34.41853280383834,54.82546039919078,1.0,-2.592212247331951,3.1228200121848837,1.0739069235685852,0.5142135250251475,0.24359115577133006,0.19785750392142562,1.094132808989353,2.4594787769667814
2019-05-31,848.6,131.1502,99.8128,91.6433,292.1,259.5,1.36,66672.0,286.18,98.8334,147.8,70.5265217391304,60.733478260869596,185.9404,74.0732,55.0072,170.6897,339.7,142.3,272.1,335.8,514.6,263.954,117.5,141.2,95.9,291.4,454135.0,101.37061115254801,255.167,100.0,2.44,14641.05,1299.0,14927.4,3.6,6411.8,111.0,94.7413,510.8,83.58302644979872,71.46055673161317,47.03648458840621,51.98618280795495,27.11965721349551,67.66839417607402,87.7438583567474,29.622944725519538,53.13664912979362,1.0,4.764352213815695,5.125528736439576,4.708644555853078,1.6563168914316604,5.987158927587794,3.0097804991232615,7.79038453370464,1.7222976433285064
2019-06-30,848.9,131.261,99.4607,92.1968,292.4,258.4,1.35,67169.0,280.12,99.2296,149.6,63.29600000000001,54.677,187.6951,74.4201,54.0326,172.6232,340.1,128.8,272.3,336.1,518.3,261.491,119.9,145.8,95.7,298.1,455546.0,101.28188834442,255.40200000000002,98.2,2.3,14762.324999999999,1232.0,14960.5,3.7,6415.3,111.2,94.9857,510.6,84.51859346985736,119.87251701531268,41.05471792472614,49.16237827391318,27.618807059130937,65.92463752974263,88.16729177297113,28.04215596101425,53.13654404611359,1.0,60.52425626176025,-11.361555663761752,-4.852772032269851,1.6443336097574395,-2.30220076518542,0.43113332067174387,-4.76747913194571,-0.00017667874191231795
2019-07-31,849.9,131.3743,99.8648,94.3552,292.8,269.7,1.36,66837.0,280.341,96.5967,149.9,64.0,57.5086956521739,183.0254,71.986,52.4177,169.2434,337.4,132.0,272.3,347.2,519.5,267.512,120.8,169.0,100.2,301.3,458974.0,101.059575371543,256.087,98.4,2.22,14852.14,1317.0,14948.0,3.7,6431.5,112.3,96.2555,512.5,87.6347501268374,121.56972003206765,42.0853467611881,49.07227512687577,28.085159472477418,73.50790147466759,89.62704434875423,29.89895210777204,56.70369416107156,1.0,0.384014080695263,0.6808825366784748,-0.04970957547151295,0.4579755478555776,3.119905216444274,0.4490603679545567,1.7959151093312082,1.8207950311070198
2019-08-31,849.3,131.4896,101.5718,95.0951,291.3,262.6,1.34,67437.0,278.893,99.005,152.3,59.2472727272727,54.8390909090909,190.5359,70.1855,52.1303,174.686,334.6,127.3,272.3,347.3,517.4,271.974,116.9,166.5,100.5,290.8,461893.0,100.770525027833,256.29400000000004,89.8,2.06,14925.725,1425.0,15021.2,3.7,6439.5,112.3,96.8156,512.9,84.81925638314115,118.33427432358668,39.723665610550185,42.78087315002114,26.47801522368189,68.32238342900102,83.51160507483912,25.952879989541145,52.723440414229344,1.0,0.8283816808565223,1.7466751418156379,3.9905524834101396,1.7811469450411883,2.1957349336136627,2.123784120336064,4.108003800087454,2.1848478188496596
2019-09-30,851.7,131.6046,100.5128,93.3549,290.4,265.1,1.35,67413.0,275.793,99.4602,154.3,62.33,56.8571428571429,191.6415,66.3293,52.0105,176.7231,334.4,127.3,272.3,347.3,517.6,274.033,113.3,150.1,97.8,280.6,459191.0,100.753603895926,256.593,93.2,2.03,15017.74,1391.0,15066.5,3.5,6442.1,112.0,95.5707,512.8,87.29412717265612,123.2657442491628,40.662151169023474,44.6859414922289,27.41424617522909,73.87715432930084,85.86872698653485,27.374217315204568,54.74783360930606,1.0,1.4282616262012198,0.8096926696214287,1.52616976957284,1.211823856666495,2.786410347541984,0.9673355422864987,1.8769535867704805,1.31593081746559
2019-10-31,851.7,131.7181,99.6993,92.5849,291.6,265.7,1.34,67615.0,278.165,99.5922,155.8,59.37,53.9791304347826,193.3608,62.9536,51.5508,178.21,333.7,122.8,270.0,347.3,521.4,272.87,117.2,157.5,96.0,291.4,461047.0,100.91640915932899,257.22900000000004,95.5,1.88,15147.825,1461.0,15045.1,3.6,6452.6,111.9,96.0499,511.2,87.21748632505704,122.29066342742225,39.76364191673126,41.11036477647301,26.427395816922427,81.00419080971419,82.17559343519318,25.31499603580566,53.50286428161785,1.0,9.009961604753103,25.168476685742203,91.13808853446331,41.00149786405851,-109.88123983438986,48.98743680950611,85.68129751932968,25.900994580762646
2019-11-30,853.6,131.8279,99.3102,92.9048,291.1,267.6,1.33,67816.0,280.297,98.8271,155.9,62.74428571428571,57.110476190476206,193.4289,60.4726,49.8205,178.1088,331.8,139.7,270.0,347.3,520.5,270.438,115.1,139.7,98.8,285.5,462513.0,101.144507642155,257.824,96.8,1.77,15249.25,1474.0,15097.7,3.5,6457.9,112.1,94.7546,511.2,90.91392741245076,127.09635340333678,42.814307968962154,42.3413933969168,26.25097093480141,86.03059880163532,84.26016640839143,26.722074954307157,56.385582400318256,1.0,0.9272187943757396,1.8102072166065493,0.7065397439084032,-0.15751620626271537,1.4640975911582885,0.5985411732426549,1.3114760665129555,1.2712908523063222
2019-12-31,852.6,131.9329,99.3103,91.9489,289.4,267.5,1.34,67816.0,286.019,99.6641,158.0,65.8545454545455,59.857727272727296,196.6434,60.0581,50.2606,180.9238,332.0,139.4,270.0,347.3,521.3,266.08799999999997,124.3,141.0,99.1,311.5,462598.0,101.404022071597,258.444,99.3,1.76,15314.66,1420.0,15078.9,3.5,6461.5,112.1,95.4468,512.1,92.8719168774807,125.0450922508828,43.056775422682556,44.63780245924977,26.855640662052433,81.59604843748245,83.61740169402623,28.786975408936705,54.94163229560075,1.0,-0.7493900694722666,0.2629569123881218,2.518280918258244,1.0695298837643632,-2.393407868686619,-0.35420100046116093,3.5879717145502292,-1.189061136036618
