date,pPFlightBookings_AIR,pPAirlinePassengerServices_AIR,cPIAirlineFares_AIR,pPCarRental_AIR,pPScheduledPassenger_AIR,airlineGT_AIR,uS_Jet_Fuel_Spot_Price_AIR,airTransportation_AIR,airRevenueFreightMail_AIR,valueManufacturersShipmentsChem_CHEM,industrialProdChem_CHEM,pPIChemicalManufac_CHEM,allEmployeesChemicals_CHEM,industrialProductionChemProd_CHEM,capacityUtilization_CHEM,pPIPaintMaterialsChem_CHEM,globalBrentCrude_OIL,wTISpotPriceFOB_OIL,pPIOilGasMachinery_OIL,globalWTICrude_OIL,pPIOilGasExtraction_OIL,capUtilizationOilGasExtraction_OIL,employeesOilGasExtraction_OIL,industrialProdDrilling_OIL,industrialProdOilGasExtraction_OIL,industrialProdMachinery_OIL,pPIDrillingOilGas_OIL,industrialProdCrudeOil_OIL,pPIPipelineTransCrudeOil_OIL,cPIFuelOil_OIL,uS10YearBondYield_ECON,leadingIndicatorsOECD_ECON,advanceRetailSales_ECON,permit_ECON,consumerSentiment_ECON,realDisposableInc_ECON,moneyStockM2_ECON,consumerOpinionSurvey_ECON,consumerPriceIndex_ECON,interbankRates90day_ECON,unemploymentRate_ECON,exportPriceIndPharma_OTHERS,industrialProdPharma_OTHERS,allEmployeesFinanceInsurance_OTHERS,personalConsumptionExpendituresFinServInsurance_OTHERS,market_TARGET_RELATIVE,specialty_TARGET_RELATIVE,non-specialty_TARGET_RELATIVE,upstream_TARGET_RELATIVE,midstream_TARGET_RELATIVE,downstream_TARGET_RELATIVE,integrated_TARGET_RELATIVE,services_TARGET_RELATIVE,legacy_TARGET_RELATIVE
2009-12-31,,,,,,,,,,,,,,,,,,,,,,,,,,,,,,,,,,,,,,,,,,,,,,,,,,,,,,
2010-03-31,,,,,,,,,,,,,,,,,,,,,,,,,,,,,,,,,,,,,,,,,,,,,,1.0,-12.137835511258071,-4.514643862027569,3.617038456838636,-12.892609124177364,-39.843382649090174,7.683027278718385,-1.4279411685023427,-35.57636983328799
2010-06-30,1.0999999999999943,2.8666666666666742,3.7560000000000855,-21.400000000000034,7.466666666666612,1.0,0.06418571428571518,,,1626.0,0.8859666666666755,2.700000000000017,,,,,2.006202333898017,-0.9910174342961398,,-0.7817019260931914,-28.76666666666668,-0.46563333333331514,,,,,,,,,-0.23098713745271127,,5300.0,-58.0,0.06666666666667709,191.43333333333067,,-0.03578450675077249,-0.07666666666665378,,,1.433333333333323,-1.3445333333333167,,,1.0,12.43918450267323,87.47127619011867,-19.293679285198312,6.879469101149404,-0.11747002153951826,13.00177163261003,36.187347831581214,-52.887686133286984
2010-09-30,0.0,-1.5,3.4409999999999172,23.03333333333336,-3.899999999999949,-6.0,-0.04862425595238129,-0.5666666666666629,-131206.66666666698,1818.6666666666715,-0.10063333333334867,0.5666666666666345,0.8999999999998636,-0.6207999999999885,-0.6210999999999984,4.866666666666731,-2.2674386724387148,-1.7540004960317503,-0.3666666666667311,-1.8565367965368296,-1.9000000000000057,1.7079666666666355,-0.29999999999998295,-3.714133333333308,2.035366666666661,0.41833333333332945,9.566666666666663,3.0696999999999974,3.4333333333333655,-2.662666666666553,-0.702129603729603,-0.3291317197433017,1195.666666666686,-25.66666666666663,-5.63333333333334,84.10000000000218,-7.299999999999272,-0.469458177918213,0.6370000000000005,-0.30333333333333334,0.03333333333333499,2.066666666666663,-3.312266666666673,8.866666666665878,-1.1959999999999837,1.0,1.8736309314992985,-2.5211242958764326,1.0531548975117369,2.8372635351381645,2.709027039679417,1.4733105306963665,0.8497344705159021,2.4764750529010975
2010-12-31,0.0,-1.26666666666668,7.315333333333342,-15.366666666666674,-3.333333333333343,-4.333333333333332,0.27087500000000064,2.566666666666663,-22565.999999999534,1297.3333333333285,-0.7261666666666571,2.966666666666697,2.2737367544323206e-13,1.6855000000000189,-0.384200000000007,1.066666666666606,10.389720810590376,9.098437500000031,0.5666666666667481,9.097970387100816,12.533333333333331,0.1791000000000338,0.5666666666666345,4.366599999999991,-1.2695000000000078,0.2777666666666718,-4.300000000000011,-1.9029000000000167,6.600000000000023,32.21066666666661,0.08865151515151393,0.40521397392271297,9538.0,9.333333333333371,2.9666666666666686,66.63333333333321,30.830769230769874,0.25551995845434305,1.764666666666642,0.030000000000000027,0.20000000000000107,2.566666666666663,1.1233333333333206,7.400000000000546,0.7459999999999809,1.0,1.860199949612461,3.010830156127138,1.3169948301962215,1.6431233161636118,1.7013224220355776,1.4337878780930193,2.9672194098241134,2.16946896442987
2011-03-31,0.0,5.999999999999986,17.634000000000015,-0.6999999999999886,15.466666666666697,6.0000000000000036,0.5310549395161286,-0.03333333333324617,34487.33333333302,2777.6666666666715,0.6604666666666645,8.166666666666686,-0.10000000000002274,0.7121666666666613,0.9753000000000185,6.60000000000008,18.10214975845409,8.905660282258054,1.2666666666666515,8.825755568103475,23.666666666666657,-2.4274000000000058,1.3666666666667027,1.0692666666666497,-2.2668999999999784,-0.5154333333333483,2.8000000000000114,-2.500099999999975,-47.9666666666667,6.878999999999962,0.5809086174242415,0.03033753401759043,7776.666666666628,-16.33333333333337,1.7999999999999972,122.03333333333103,-5.969230769231217,0.24135019137682434,2.3446666666667113,0.06,-0.5000000000000036,-1.2666666666666515,0.3673000000000144,-6.0000000000009095,0.258000000000024,1.0,1.3437529767678755,1.834762993913,2.2247250861865,2.7754139867278944,4.739202380476259,2.1367501080209204,2.6028837180471838,-0.930748216493573
2011-06-30,0.0,2.9666666666666828,-7.399000000000001,-20.0,7.366666666666617,-0.6666666666666714,0.25483717357910907,3.2666666666665947,-63014.66666666651,2417.3333333333358,-0.5679666666666776,7.0666666666666345,3.0666666666663787,0.8071999999999804,-0.9564000000000163,-0.3333333333334281,12.22510634293235,7.955616999487958,1.7333333333332916,8.585408243929976,24.06666666666672,1.680499999999995,2.6333333333333258,3.3195333333333537,3.9830333333333243,-0.6430999999999898,-2.900000000000034,4.236866666666671,25.799999999999983,-4.337999999999909,-0.2535228365384605,-0.6505132971767438,5429.666666666686,44.66666666666663,-1.2000000000000028,-26.433333333332484,58.98461538461561,-0.34149995258817967,2.5246666666666044,-0.06666666666666674,0.5000000000000036,0.6999999999999886,0.5190666666666601,7.5666666666675155,0.11099999999999,1.0,0.8028140087056664,-0.4487033704149723,0.3902241900750229,1.122841067646384,0.23751697372452293,0.321480835451873,-0.11391293010073648,-1.1429890490482668
2011-09-30,0.0,0.23333333333332007,15.164666666666676,46.56666666666666,0.4000000000000341,-0.6666666666666643,-0.10231398809523728,0.36666666666667425,-20326.66666666651,-69.33333333334303,0.29493333333334704,3.5333333333333314,0.7666666666671063,-0.6184333333333427,0.39680000000001314,-1.8666666666666458,-4.125770123596311,-12.528777281746045,-0.2333333333333485,-12.805459878286044,-15.566666666666663,-0.6465666666666721,-1.9000000000000057,-0.43770000000000664,-1.9671999999999912,3.186633333333333,2.5666666666667197,-1.5846333333333575,11.600000000000023,-24.140333333333388,-0.7839160839160848,-0.3731750748117264,2720.0,14.333333333333371,-12.199999999999996,52.69999999999891,242.86923076923267,-1.1098843457768055,1.464333333333343,0.13000000000000006,-0.1000000000000032,1.0000000000000142,-0.2335333333333267,1.6666666666669698,-0.49900000000000944,1.0,3.6916051990325363,-0.021275674616066824,3.708997618691949,1.7903855392775256,-1.4646334791580145,1.8656102703650974,1.8582438730364366,5.096441620657304
2011-12-31,0.0,0.20000000000001705,-7.8700000000000045,-64.5,0.5,-5.333333333333332,-0.06528918650793702,-2.7333333333333485,-3453.666666666977,-484.3333333333285,0.025400000000004752,-0.2666666666666515,-4.900000000000318,-2.200366666666639,-0.47170000000001266,2.9000000000001194,-3.681978794152343,4.522269345238101,-2.599999999999909,4.317631595457669,-4.433333333333394,2.4288000000000096,0.6666666666666572,-2.2399000000000058,3.2179333333333062,-0.14119999999998356,-3.433333333333394,3.7410333333333625,-8.400000000000006,-3.8266666666667106,-0.3724685314685301,0.7216834540332542,5948.0,65.33333333333337,5.133333333333333,37.60000000000218,-243.63076923077278,0.4871663283304599,1.0146666666666704,0.06999999999999998,-0.29999999999999893,-1.3333333333333286,2.4453999999999922,5.099999999999454,-0.597999999999999,1.0,-18.912236832703382,-113.77755791433422,-5.969801559680446,43.156338081784405,-63.663266307223616,15.065188111786906,-57.992490445937555,-3.3428872276732005
2012-03-31,-0.03333333333333144,4.0,3.59699999999998,0.5,10.500000000000057,3.0,0.224217613927292,2.300000000000068,68597.66666666698,760.0,0.35540000000000305,4.533333333333331,3.0333333333335304,-0.08276666666667154,0.0036000000000058208,-5.366666666666845,9.22717171717133,8.968955453148965,1.0333333333332746,8.825707070707068,-9.133333333333269,0.9617333333333136,-0.799999999999983,-2.3574666666666673,-1.0996999999999844,4.12439999999998,-0.06666666666666288,-0.39750000000000796,1.5,-2.5446666666666147,-0.00998461538461548,0.45609335126374617,7221.0,60.66666666666663,10.700000000000003,227.39999999999782,-1.999999999998181,1.1630707200740176,1.2786666666667088,-0.22999999999999998,1.7763568394002505e-15,0.533333333333303,-1.3523666666666685,10.199999999999818,2.1940000000000026,1.0,2.0285782224744344,1.406637580419556,0.8700389285449058,0.25900881665786574,1.5214988385468275,0.7392122698498944,0.7421299887807506,1.1562532937115098
2012-06-30,-1.2666666666666515,2.299999999999983,-11.749333333333311,-13.800000000000011,5.999999999999943,0.0,-0.23040809011776853,-2.1333333333334394,7785.333333333023,-1491.3333333333358,-1.3572666666666748,1.2666666666666515,-1.4666666666669244,-1.8892666666666855,-1.3363999999999976,6.433333333333451,-9.640971516406125,-9.695463389656851,1.466666666666697,-9.470394002133034,-32.56666666666669,-1.1663999999999959,0.0999999999999659,-0.7630999999999801,-1.8392999999999944,-3.3085999999999984,3.433333333333394,-1.9213000000000164,-4.800000000000011,1.6720000000000255,-0.2130615384615384,-0.527265519911623,-1183.0,22.0,0.7999999999999972,112.53333333333649,-21.561538461537566,0.09633799910294272,0.4819999999999709,0.0633333333333333,0.29999999999999716,-0.1666666666666572,-2.032499999999999,-4.699999999999818,-1.4479999999999933,1.0,7.342363625540796,-35.468433621215894,-72.02186244215714,-8.338135570853094,-13.551260339992083,-21.22477391580179,-52.09834892336365,12.94729156205154
2012-09-30,-0.3333333333333428,-3.1333333333333258,13.023333333333312,30.19999999999999,-8.46666666666664,-3.3333333333333357,0.12342857142857033,-0.4666666666665833,-76653.66666666651,-104.33333333332848,-1.4334999999999951,-1.3000000000000114,3.166666666666856,-1.1325666666666336,-0.03160000000001162,-15.633333333333383,1.0538899868247995,-1.1207936507936722,-2.2666666666667084,-1.1812922391618628,6.333333333333314,0.010100000000008436,-1.599999999999966,-2.7146666666666732,1.4036333333333317,-6.114466666666672,-8.633333333333326,0.8538666666666757,21.03333333333336,-4.630333333333397,-0.18342759462759473,-0.1745284178671227,2768.0,99.0,-1.3333333333333428,-89.3666666666686,57.469230769233036,-0.008142738153765094,1.0330000000000155,-0.0033333333333332993,-0.09999999999999787,-0.5666666666666629,-4.588033333333328,-10.033333333332848,-0.002999999999985903,1.0,0.6570202476023226,1.092437397211163,-0.15286105605786607,-0.9608677772833867,7.471330406444096,1.9413338504725635,1.9740968790213642,-1.5415366224308193
2012-12-31,-2.6000000000000227,-1.299999999999983,0.1296666666667079,3.566666666666663,-5.933333333333394,-4.333333333333332,-0.07088640873015795,-4.600000000000023,-84615.0,529.3333333333285,0.011366666666660308,0.10000000000002274,0.5333333333335304,2.2451999999999828,1.1241000000000128,-8.933333333333337,0.4872957839263279,-4.157780257936523,-0.533333333333303,-4.069507999247136,7.200000000000017,1.857366666666664,-1.3000000000000114,-1.2298000000000258,2.10926666666667,-6.837266666666636,0.06666666666660603,3.794666666666643,-16.666666666666686,16.36533333333341,0.06720010408534915,0.31349976730780327,5327.0,42.0,4.433333333333351,343.53333333333467,31.644505494497935,0.32031504581249237,1.528333333333336,-2.7755575615628914e-17,-0.06666666666666732,0.6999999999999886,-0.37136666666667395,10.733333333331757,0.7209999999999752,1.0,8.77325290983099,-0.9129684152248001,-1.1598811425583513,1.2064143158179002,22.017773711365557,0.7003302608147574,-2.4684424855175293,8.854664361181312
2013-03-31,4.5,1.9666666666666544,11.119666666666603,1.3333333333333428,5.2333333333333485,1.6666666666666679,0.08270624999999932,-0.9333333333333371,219067.66666666698,116.0,-1.2786333333333317,4.166666666666686,2.7666666666663104,-0.6328333333333234,-0.6507000000000005,0.26666666666670835,2.432799736495326,6.315343749999968,1.1999999999999886,6.222446201141793,8.23333333333332,-1.389866666666677,2.6333333333333258,4.578566666666688,-3.373333333333349,6.0298333333333005,13.63333333333344,-4.809366666666634,-1.0666666666666629,-16.474666666666735,0.24056338797814347,0.16048912458670372,6411.666666666686,37.0,-2.7333333333333485,-509.96666666666715,-80.45183150182311,-0.2515743323935453,0.9300000000000068,0.020000000000000046,0.16666666666666696,-0.3333333333333286,-1.88273333333332,-4.399999999997817,-0.35200000000000387,1.0,2.0866373566290597,1.7367390219908052,1.1226730326030447,0.946252885972011,5.309585008119937,0.5062625987928278,1.4098648235322995,5.772500687448923
2013-06-30,0.03333333333334565,-1.0666666666666629,-18.039333333333275,-24.533333333333303,-2.1666666666666288,0.0,-0.32350312499999934,3.199999999999932,-189532.00000000047,-306.3333333333285,-0.37556666666665706,1.1333333333333258,-3.3666666666665606,0.626066666666631,0.988199999999992,2.4333333333332803,-9.870428194993309,-0.2765937500000035,-1.6999999999999886,-0.17947245749415686,10.76666666666668,-0.07739999999998304,-3.899999999999949,0.46596666666665953,1.4778333333333364,-2.643599999999978,7.133333333333212,1.849333333333334,7.399999999999977,-1.1076666666666597,0.07024144144144073,0.014343525850591732,-323.0,33.66666666666663,5.000000000000014,91.0666666666657,-26.26831501832021,0.6315982094712211,-0.2543333333333635,-0.010000000000000009,-0.13333333333333286,-1.8999999999999915,-2.2463333333333537,3.4666666666653327,0.7770000000000294,1.0,0.8125435617746591,-0.7407582990026872,0.39421460472427633,0.600176789668164,-0.18404797552333332,0.3639995094781669,-0.21399713400181142,2.9365353889106927
2013-09-30,4.200000000000003,1.4333333333333371,12.891666666666652,26.566666666666634,4.0,-0.3333333333333357,0.1772187500000002,-2.233333333333235,93871.33333333349,15.333333333328483,-1.1044999999999874,-1.3333333333333712,-2.4333333333332803,0.8464000000000169,-0.21750000000000114,4.233333333333405,7.096701486918988,11.781562499999993,0.26666666666659467,11.626034663404397,10.100000000000023,0.9605333333333306,-0.03333333333335986,-2.5967666666666673,1.3303666666666771,3.404066666666651,-15.033333333333303,1.576599999999985,2.7333333333334053,21.251000000000033,0.695749916583249,-0.15343943978517416,3452.333333333314,2.6666666666667425,-0.10000000000000853,53.26666666666824,39.84377289377153,-0.1207179599490189,1.2549999999999955,-0.05000000000000003,-0.10000000000000142,-1.0666666666666629,-2.528733333333321,-3.8000000000010914,-0.6770000000000351,1.0,2.289182234906099,-1.1999991387547657,1.2156853086911765,-0.583317224956717,-2.902431404159895,0.3096513973724161,3.2889022924460862,2.576493130649458
2013-12-31,0.2666666666666515,-0.7666666666666657,0.4546666666666397,-18.866666666666646,-2.066666666666663,-2.0,-0.05353124999999892,4.600000000000023,25242.66666666651,749.3333333333358,-0.873633333333359,-1.7666666666666515,1.533333333333303,-0.23186666666664735,0.2966000000000122,-1.900000000000034,-0.7043606876216586,-8.333749999999966,0.8000000000001251,-8.396767363071802,-14.566666666666691,-2.0160999999999945,0.06666666666660603,-3.700099999999992,-3.309333333333356,0.5761666666666656,-4.433333333333394,-4.356800000000007,-9.400000000000091,-7.3110000000000355,0.03862898829565564,-0.15235547766202728,1906.0,38.33333333333337,-4.633333333333326,48.89999999999782,33.64835164835495,-0.40868423357838424,0.862666666666712,0.07666666666666669,8.881784197001252e-16,0.19999999999998863,-0.9011999999999887,-12.933333333330665,0.9680000000000177,1.0,1.6206043636909804,0.8927782599989271,0.9037091709486025,-0.07864770956357758,2.195625408766758,0.21970370217559815,1.7360987653694977,3.78909362023001
2014-03-31,1.7333333333333485,0.5,-11.191333333333318,26.03333333333333,1.2333333333332916,5.0,0.033380379098359114,0.8999999999998636,-24800.333333333023,132.0,-0.5074999999999932,5.300000000000011,1.966666666666697,1.8172666666666686,0.2557999999999936,1.2333333333332916,-1.4670947989209964,1.1814779713114376,2.3999999999999204,1.3529222034002686,28.73333333333332,1.1650333333333265,1.3333333333333997,4.951433333333327,3.91400000000003,1.3727666666666778,5.300000000000068,4.618600000000001,-0.39999999999997726,19.935000000000002,0.020212987012986794,0.04628931556101179,3033.666666666686,3.3333333333332575,4.0,173.10000000000218,-34.36263736263754,0.4592370206168823,1.458333333333286,-0.006666666666666682,0.033333333333333215,-3.6333333333333258,-0.5116666666666845,3.9999999999990905,-1.021000000000015,1.0,2.155955681323618,1.1468259587454477,-0.7070048065478411,0.9745464828823776,4.347048265024815,0.1474665627921347,0.005378006828676821,7.1252519429051215
2014-06-30,2.0333333333333314,3.566666666666663,7.927999999999997,-0.20000000000001705,9.666666666666629,-1.6666666666666643,-0.04447983346343998,0.3333333333334849,104335.66666666651,13.333333333328483,0.3550333333333242,2.3000000000000114,0.6666666666666288,0.9391666666666652,0.5411000000000001,-1.6999999999999602,1.877261998870651,4.668628675513972,-3.3999999999999773,4.383289290419853,-4.0,2.5132999999999868,1.2999999999999545,4.179233333333343,1.8436999999999983,1.3602999999999952,-6.7999999999999545,2.7340000000000515,-0.1999999999999318,-51.32866666666666,-0.14634285714285644,0.1283833485546637,9365.333333333314,4.6666666666667425,1.8999999999999915,171.5666666666657,13.492307692305985,0.0984964461108433,1.2513333333333492,-0.006666666666666668,-0.20000000000000018,-1.0,1.1358666666666721,4.066666666664787,0.40500000000002956,1.0,3.232263579063002,0.1773070554202485,2.829157058965772,2.746675569859156,2.419405379693796,2.8237870368597093,5.9270870723922435,5.423576527272897
2014-09-30,0.3999999999999915,-0.23333333333333428,-2.880333333333283,2.7333333333333485,-0.8333333333332575,-0.6666666666666679,-0.08152380952380955,1.099999999999909,-68242.0,-341.66666666665697,1.2449333333333357,1.3666666666666742,0.566666666666606,0.6005999999999574,0.5579000000000036,9.833333333333314,-7.726048999309796,-5.477137896825397,0.5,-5.569038835560491,-23.833333333333314,0.5332333333333565,-0.6333333333332689,0.14239999999998076,-2.4782333333333355,-6.287233333333333,-3.900000000000091,-3.460333333333395,15.433333333333223,24.106666666666683,-0.12055226480836234,-0.07213867412866648,2741.0,30.666666666666515,0.13333333333333997,149.09999999999854,-27.57692307691832,0.09954611332722152,0.6059999999999945,0.02333333333333336,0.3333333333333339,1.73333333333332,0.4367333333333363,19.400000000001455,-0.42300000000003024,1.0,2.7000863448063894,-2.086735978472237,1.4565398664078735,7.280201564433874,-1.4655443777150887,0.2191417256658707,2.495593194489686,1.3761737822623727
2014-12-31,-4.133333333333326,-3.0333333333333456,-4.445333333333338,-34.5,-7.866666666666674,-3.0,-0.6270304659498209,2.6666666666667425,-17037.0,-1543.0000000000073,-0.42286666666666406,-2.966666666666697,-0.5666666666664923,-1.849999999999966,-1.289900000000003,-8.166666666666629,-26.123726457117797,-24.65843750000002,-0.16666666666674246,-24.505180406550068,-47.50000000000003,-0.1311333333333522,0.4333333333332803,1.1864333333333406,-1.1176333333333446,-1.5853333333333524,-6.7999999999999545,-0.7257999999999925,-9.799999999999955,-23.302666666666653,-0.22362539086929312,-0.1361630312859745,481.0,13.333333333333485,6.799999999999983,170.76666666666642,-5.807692307696925,0.8082015391271824,-0.5900000000000034,-0.006666666666666696,-0.23333333333333428,-1.5666666666666629,1.9011666666666684,-2.4666666666662422,-0.5409999999999826,1.0,-4.627819770259238,-3.2522369592063507,-11.78688891477997,-4.479205204717869,-4.022322062027925,-5.659182838170069,-12.618916650041058,9.169505629388276
2015-03-31,-2.0,-0.06666666666666288,-12.105666666666707,15.566666666666663,0.10000000000002274,2.666666666666668,-0.5432609730301428,-2.366666666666788,69639.33333333349,-2291.0,-0.1818666666666786,-3.7333333333332916,-5.766666666666879,1.7513666666666694,0.16140000000000043,2.69999999999996,-21.910642292490138,-24.726004098360647,-0.13333333333321207,-24.365430830039493,-69.76666666666665,-0.0027999999999934744,-5.400000000000006,-27.266266666666652,-0.2888333333333435,-9.97776666666664,-31.76666666666665,-1.1608333333333007,0.06666666666671972,-13.430000000000007,-0.30035948717948835,-0.18165131011471658,-3182.666666666686,7.666666666666515,5.7333333333333485,148.70000000000255,68.91538461538585,0.6017499332526768,-1.533333333333303,0.010000000000000009,0.20000000000000107,-3.433333333333337,2.552899999999994,5.533333333333758,-0.117999999999995,1.0,0.6980890248604644,1.6996333077032297,-2.4631368414398365,-1.6363952670660356,1.7510888937680242,-1.8330275191587786,-4.2179231628881935,5.5758087640749325
2015-06-30,-1.5,-1.2000000000000028,-0.2733333333333121,-10.966666666666669,-3.0666666666667197,-1.0,0.1317041373926615,1.900000000000091,-164277.3333333335,-501.3333333333285,-0.613766666666649,1.5,3.5000000000001137,-3.74826666666668,-0.34370000000001255,-7.866666666666617,8.052733766233764,9.369357272963853,0.8999999999999204,9.055263347763365,10.03333333333336,-0.774799999999999,-0.09999999999999432,-7.217866666666666,-1.6595333333333144,-1.7630000000000052,16.83333333333337,-1.9697333333333518,-10.633333333333383,30.94999999999999,0.18744923076923148,-0.08864458649330231,6451.333333333372,179.66666666666674,-1.2666666666666515,99.53333333333285,-72.56153846153939,-0.16413637141434378,1.6049999999999898,-0.013333333333333308,0.06666666666666554,-0.9333333333333087,-0.7014333333333269,-9.000000000001819,0.8649999999999949,1.0,5.688347636967075,-4.089195683333831,2.5395111716320344,2.588799499816726,2.4641449698825264,-1.9558905165328628,5.709195892220252,-7.343804143594205
2015-09-30,-1.3333333333333286,-2.433333333333337,-1.3063333333333276,15.699999999999989,-6.46666666666664,1.0,-0.31663318452380906,2.1000000000000227,55759.66666666651,425.66666666666424,-0.3976333333333315,0.1333333333332689,-1.8666666666666742,1.9923666666666833,0.09840000000001226,9.799999999999926,-12.067466591379599,-11.36850942460319,-2.7333333333333485,-11.254708890143739,-18.366666666666703,-1.0415333333333194,2.5000000000000284,28.18919999999997,-1.0829999999999984,6.569133333333333,10.933333333333167,-1.3448666666666895,16.700000000000045,-9.767000000000024,0.06315384615384634,-0.11456255113598957,3797.333333333314,-117.66666666666674,-3.500000000000014,98.03333333333285,5.684615384616336,-0.3095330500900104,0.8950000000000102,0.08333333333333329,-0.2333333333333325,-0.26666666666667993,-0.49680000000000746,5.800000000001091,-0.3500000000000085,1.0,3.1597910034184156,6.380674575791237,5.039198468947259,3.831882655051924,2.175875897048753,3.39759973045706,3.3591689152512343,0.5175308942219436
2015-12-31,-0.7333333333333343,-3.6999999999999886,1.5313333333333503,-21.899999999999977,-9.200000000000045,-1.3333333333333357,-0.1801936553030301,-0.933333333333394,54095.0,-1413.0,0.2849333333333135,-3.2999999999999545,0.6666666666666288,-0.9365000000000094,0.40850000000000364,-15.499999999999943,-6.61050348202523,-4.549531249999994,1.400000000000034,-4.472129054520359,-18.333333333333314,-1.963066666666677,-3.966666666666697,-7.9192999999999785,-1.9826333333333537,5.086666666666659,-7.666666666666458,-3.641966666666633,-11.900000000000034,5.104333333333415,-0.03585897435897545,0.0075069043967914695,-1239.333333333314,61.333333333333485,0.5666666666666629,42.66666666666606,16.13846153846316,-0.03702365781299477,-0.018000000000029104,0.03666666666666671,0.2666666666666657,-0.7333333333333485,-0.0160666666666458,-3.6666666666660603,-0.8199999999999932,1.0,6.289270102280247,-21.099122212140063,1.411657192075693,-37.849452375222526,7.862137615155367,6.3167752166016635,-7.4316132223828495,12.570069935473038
2016-03-31,-1.3999999999999915,2.4666666666666544,-5.181333333333384,-6.800000000000011,6.766666666666708,0.6666666666666679,-0.26895503421309863,-1.2333333333333485,-49150.999999999534,-693.3333333333358,0.5459333333333518,1.8999999999999773,2.2999999999999545,0.8679666666666606,0.059899999999998954,9.466666666666669,-9.063268398268434,-8.58475922131148,0.1333333333333826,-8.754267519919672,-22.866666666666674,-0.6976333333333287,0.7333333333333485,-6.803900000000013,1.1756333333333657,2.3453000000000017,-2.400000000000091,1.1565999999999974,0.0999999999999659,-10.150666666666723,-0.27002410256410214,0.16094362956012276,748.0,-49.333333333333485,0.2666666666666657,90.03333333333285,101.2230769230755,0.07701680574933789,-0.05999999999997385,0.06666666666666665,-0.03333333333333233,-3.0,0.02909999999998547,-9.094947017729282e-13,1.215999999999994,1.0,1.220462276472819,3.3030504267374785,3.502970320261584,7.030400612295295,2.4851502009209425,0.32217579969522414,1.7448054314886337,1.3396615848704507
2016-06-30,-2.133333333333354,-1.09999999999998,-1.8686666666666838,-1.3999999999999773,-2.7666666666667084,0.33333333333333215,0.28296118951612903,2.2333333333333485,63640.666666666046,406.33333333333576,-1.0433333333333508,2.1000000000000227,-1.0999999999997954,-0.5032666666666614,-1.3630000000000138,15.533333333333303,11.595120145554937,12.10882172131145,-0.1333333333333826,12.243385406863666,22.83333333333333,-1.6601333333333486,-6.599999999999994,2.8178666666666814,-1.6625000000000227,-1.700566666666667,19.266666666666595,-0.9525000000000432,3.933333333333394,32.39799999999997,-0.16681922077922096,0.21633978189760228,4528.0,18.333333333333485,0.8333333333333286,-14.333333333330302,-33.16153846153793,0.05622981503965718,1.6959999999999695,-0.1866666666666666,0.06666666666666643,0.9000000000000199,0.370199999999997,9.099999999999454,0.7630000000000052,1.0,1.5772782199377886,0.8285478353921238,2.725439923528557,2.5132967912262685,-0.7462863439057701,1.9694045160611167,2.2683887217728387,-1.162747728785525
2016-09-30,-1.5999999999999943,-0.5333333333333456,-5.031666666666638,10.133333333333326,-1.3000000000000114,-1.0,0.017189182692307625,-2.3999999999999773,35339.66666666698,-15.0,-0.820999999999998,1.066666666666606,0.7333333333332348,-1.4484333333333268,0.051000000000016144,-13.233333333333348,-0.15153052261747746,-0.6087499999999935,-0.4333333333333371,-0.5830315578141523,15.466666666666654,-1.2727999999999895,0.46666666666666856,12.642866666666663,0.5195333333333281,2.4376333333333378,-3.066666666666549,1.38753333333338,-8.233333333333348,-3.67999999999995,-0.18124547057880314,0.13681575996918127,3827.0,47.0,-2.066666666666663,60.69999999999891,-25.60769230769438,-0.19395432784000377,1.1183333333333394,0.1399999999999999,0.03333333333333233,1.5666666666666487,-3.4115666666666584,-2.2333333333326664,-0.3849999999999909,1.0,-0.029723871895281827,-1.1577038607982073,1.0017051896691496,5.252434759440055,-0.6117035394224072,0.1145874521679428,1.004114755792407,-1.3216260878118409
2016-12-31,8.066666666666677,-0.2666666666666515,-3.9916666666666742,-11.700000000000017,-0.7666666666666515,-1.6666666666666643,0.13907644230769245,-2.1666666666666288,34862.66666666698,307.66666666666424,1.1064666666666767,1.1666666666666856,-2.0666666666667197,2.4090666666666607,1.3982999999999919,5.233333333333377,4.2769057029926785,4.28368055555557,0.7333333333333485,4.237916117698724,14.100000000000023,0.2701333333333338,2.333333333333343,5.238299999999995,2.417266666666677,2.0229333333333344,-3.2333333333333485,3.5095000000000027,3.099999999999966,3.356333333333282,0.5667483755685507,0.2329721724851339,3840.666666666628,35.666666666666515,2.7333333333333343,81.66666666666424,-8.423076923076223,0.3540906515100204,1.524000000000001,-0.07666666666666677,-0.13333333333333197,-0.8333333333333144,1.5682999999999936,-2.9666666666653327,-0.6250000000000142,1.0,0.473825927426093,12.833202875150958,14.873386863161127,10.486575688118192,23.09213469847058,2.904146171384079,13.645061557176097,49.28047009175569
2017-03-31,-5.033333333333346,2.933333333333323,6.075333333333333,-0.46666666666666856,7.266666666666708,6.666666666666664,0.06485383064516137,3.233333333333235,-80088.00000000047,1014.6666666666715,0.05186666666666895,5.56666666666672,3.866666666666788,-2.1617000000000104,-0.8267999999999915,-6.03333333333336,4.039944820879597,2.485734767025079,-0.0999999999999659,2.6745905953949674,11.466666666666669,1.6469999999999914,-1.0333333333333599,3.702133333333343,2.4463333333333424,2.527300000000004,20.299999999999955,2.2171333333333223,0.9000000000000341,1.6796666666666908,0.31525000000000025,-0.03386030485629021,6205.666666666686,23.333333333333485,4.166666666666686,164.2333333333354,-10.561538461539385,0.4558980281353229,1.7066666666666777,0.08333333333333348,-0.06666666666666643,-4.300000000000011,-1.9659333333333535,13.966666666664423,-0.9540000000000077,1.0,1.434084052214152,2.3081578239091596,-0.0035789601212261176,0.2896500733655463,0.6011052968876524,-0.2918116115312563,-0.7084772825218085,1.9871850570439111
2017-06-30,1.7999999999999972,0.46666666666665435,-4.012333333333345,-0.5666666666666629,1.1999999999999886,-0.33333333333333215,-0.09879083461341476,-2.199999999999932,107592.0,112.66666666666424,1.8325999999999993,2.533333333333303,0.9999999999998863,2.416533333333348,1.3882999999999868,13.966666666666669,-3.841857707509874,-3.517480798771132,0.23333333333329165,-3.5501785243741963,-10.76666666666668,0.9614666666666807,5.333333333333343,-0.6993000000000151,-0.18906666666669025,-0.28950000000001097,1.1666666666666288,-0.455566666666698,-4.7333333333333485,-14.31966666666662,-0.1878289473684216,-0.2102141596215148,1248.666666666686,-30.333333333333485,-0.8666666666666742,92.43333333333248,-0.7307692307640536,-0.144096821148338,0.23233333333334372,0.01333333333333342,-8.881784197001252e-16,1.1000000000000227,1.2461000000000126,-22.49999999999909,2.0750000000000313,1.0,0.9020228739974591,-1.0512452878586145,-2.7385453275998812,-1.7028457979609104,-0.4779299916593693,-1.2303724442381836,-4.5228333985007,0.9746947835448903
2017-09-30,-10.166666666666671,-3.09999999999998,-6.375666666666632,22.76666666666668,-8.133333333333326,-4.0,0.19311341525857628,-0.19999999999998863,-1298.333333333023,182.33333333333576,-1.0390666666666561,0.19999999999998863,-1.6666666666667425,0.44506666666666206,-2.1174999999999926,-8.833333333333314,1.4645024468285044,0.07796466973887561,-0.4333333333333371,-0.16118445322793917,-1.73333333333332,0.5632666666666637,2.1666666666666856,-9.11113333333332,0.37630000000004316,-1.7231666666666712,-7.999999999999943,0.5919000000000381,5.633333333333326,6.176666666666591,-0.015939608636976743,0.06599530334884207,4741.0,22.666666666666742,-1.2666666666666941,81.16666666666606,-39.73076923077679,-0.030161747569323438,1.3046666666666624,-0.0033333333333335213,0.13333333333333286,1.3333333333333286,0.012466666666668402,0.9666666666680612,-1.126000000000019,1.0,0.331483328927788,1.3892470445820941,-2.035660451342673,2.0333626011878003,2.1760104565642737,-0.3298174839506709,-3.678054533768856,-0.8059834151639103
2017-12-31,9.5,1.6333333333333258,-2.7789999999999964,-5.566666666666691,4.366666666666617,-1.6666666666666679,0.1506673387096764,1.4999999999999432,-73774.66666666698,1772.0,3.2236999999999796,3.966666666666697,3.0000000000001137,0.06383333333334917,3.3315000000000055,2.0999999999999943,9.727554739946072,7.084098822324641,1.1333333333333258,7.275213940648769,15.133333333333326,2.4870666666666637,-0.03333333333335986,-3.178266666666673,3.829866666666618,-0.3852666666666522,-0.33333333333337123,3.889333333333326,-1.3333333333333144,16.300333333333356,0.12965201465201437,0.12793729813978416,10181.666666666628,49.0,3.266666666666694,127.8666666666686,-9.469230769227579,0.2172927896446737,1.8909999999999911,-0.026666666666666616,-0.09999999999999876,0.16666666666664298,2.209699999999998,-21.566666666670244,1.5509999999999877,1.0,0.2693680908436813,1.931893784649095,2.024095256934953,-0.9528994755187504,2.8977835096570765,1.0424240818341926,-0.07514092933205486,0.2090791309770056
2018-03-31,2.633333333333354,0.2666666666666657,-2.646666666666704,-9.96666666666664,0.4000000000000341,1.6666666666666679,0.14330040322580717,-2.566666666666606,20953.33333333349,750.0,-0.5432666666666819,5.2666666666666515,-6.933333333333394,-1.1617666666666935,-2.796900000000008,5.133333333333326,5.482963234832745,7.639864689044998,0.8000000000000682,7.443646401907202,9.833333333333343,-0.3318999999999903,1.8333333333333428,7.240300000000005,-3.0789333333333104,0.022266666666659773,-5.166666666666572,-2.7160666666667055,0.2666666666666515,-1.034333333333251,0.38631619047619115,-0.006130911355654689,3178.666666666686,50.33333333333326,0.5666666666666629,237.86666666666315,-36.099999999998545,0.10483989515931569,1.9846666666666408,0.3233333333333335,0.09999999999999876,1.6666666666666714,0.11110000000002174,20.933333333336122,-0.9609999999999843,1.0,0.13219486281853066,0.742161525066566,1.3146699065921637,0.332428691861079,1.6353006013530524,-0.2744630339177998,1.552294232941936,0.9306607664026879
2018-06-30,-1.7333333333333343,3.1999999999999886,-5.786000000000001,-0.8666666666666742,8.800000000000011,1.0,0.20259478908188622,0.3999999999999204,-83860.33333333302,604.3333333333285,1.8533000000000328,3.1333333333333258,2.7000000000000455,-0.3270999999999731,1.8610999999999933,-6.0,7.537342618733945,5.159731045081983,-1.5333333333334167,5.05587395696093,3.7666666666666515,0.3091666666666697,0.8333333333333144,2.1163999999999987,1.6496999999999957,2.373033333333339,5.599999999999909,1.8952333333334082,-4.833333333333371,-15.17533333333347,0.16424225108225032,-0.20866751660236105,5315.333333333314,-42.0,-0.6000000000000085,95.63333333333685,54.39230769230744,-0.005476872617990125,1.356333333333339,-0.10333333333333328,-0.06666666666666554,0.5,0.9800333333333242,7.266666666667334,-0.10599999999999454,1.0,3.5179675195686144,-1.3265524173686016,-7.008795987769892,1.4568020535622335,-13.078769451859626,-1.490924827978454,-0.9502857415107542,6.300645281073281
2018-09-30,-1.1000000000000085,-1.299999999999983,5.922666666666657,21.433333333333337,-3.433333333333337,-1.0,0.043720879120877854,0.6666666666666856,25724.666666666046,785.3333333333358,1.0257333333333207,1.966666666666697,1.6000000000001364,0.7747666666666362,-0.6542999999999921,-2.333333333333286,0.9868062613715125,1.6218328373015822,0.8333333333333712,1.8098724198506773,9.966666666666697,2.5476333333333088,-2.0666666666666345,-6.755866666666677,3.831133333333355,-2.0398666666666685,-4.300000000000011,4.414733333333288,18.333333333333428,4.119333333333429,0.00012287712287717412,-0.20810752232198126,2739.666666666686,-44.0,-0.2666666666666515,117.33333333333394,-12.423076923074404,-0.060971388272349714,1.2916666666666856,-0.33666666666666734,-0.03333333333333366,-0.6999999999999886,0.4930666666666639,-3.400000000001455,-0.04100000000002524,1.0,0.6785491565971612,0.851764151212936,0.7807926312498187,1.7164621219110592,0.5338932834751199,0.1801604931599861,-1.3068063557499576,1.0118030456662852
2018-12-31,0.9666666666666828,4.166666666666657,-1.6786666666666292,-14.76666666666668,11.666666666666686,-2.666666666666668,-0.13901873536299725,0.6333333333333826,-71509.66666666605,802.6666666666715,0.5576333333333423,1.033333333333303,2.233333333333121,-0.16346666666663623,-0.43089999999999407,-2.2000000000001023,-8.10618075161554,-9.721727816809782,-0.20000000000004547,-11.070429857582006,-4.2000000000000455,0.21030000000001792,0.06666666666663446,1.4996333333333496,-3.887966666666699,-0.6559333333333441,8.433333333333394,-4.810333333333318,-9.06666666666672,-11.233000000000004,0.11344855144855215,-0.3008569862836765,2611.666666666686,27.666666666666742,0.06666666666664867,101.89999999999782,-50.60109890110289,-0.08452100408699437,0.8146666666666533,0.3233333333333337,0.19999999999999973,-0.333333333333357,1.6982666666666688,4.699999999998909,-0.6049999999999898,1.0,1.989353195250968,1.084472510598647,2.0058844790939454,1.6695105339905811,3.5555108606453065,0.8430464715543511,4.10087100955514,0.6197015093334286
2019-03-31,-0.20000000000000284,-0.4333333333333371,-5.591333333333353,-6.200000000000017,-1.900000000000034,2.666666666666668,-0.12537809003382683,4.499999999999943,72998.99999999953,24.333333333328483,-0.4253666666666618,0.7666666666666515,-0.39999999999997726,-0.38296666666668955,-0.8541000000000025,2.166666666666714,-4.096773197816667,-5.142459016393445,1.5333333333334167,-3.819022962544736,-25.16666666666663,-1.8989666666666807,2.5,-1.6299666666666752,-3.923966666666672,1.4133666666666684,-5.7666666666666515,-6.620400000000018,-4.599999999999966,-11.296666666666681,-0.3846403463203476,-0.08110238835571693,927.3333333333139,-21.0,-3.6666666666666714,162.9333333333343,99.06309523809796,-0.2353553745656427,0.5780000000000314,-0.35999999999999943,0.033333333333333215,0.7333333333333485,-0.7617000000000047,-12.36666666666406,-2.1469999999999914,1.0,-0.9384095890504818,-4.759118698522898,-6.500508297097986,7.848219760680943,-6.435016586104868,-1.0473033290234643,-12.365168595367528,-5.034167806903691
2019-06-30,1.3666666666666458,2.26666666666668,1.745333333333349,1.966666666666697,6.199999999999989,-0.6666666666666679,0.05795286935286881,-5.166666666666515,-29032.66666666651,130.0,-1.5080999999999989,-0.8666666666666174,-4.3333333333332575,-2.1017999999999972,-0.9040999999999997,3.1333333333333258,5.067259614781328,5.057043976060363,-1.2000000000000455,4.929728841207137,-10.699999999999989,0.10693333333334465,2.733333333333377,-2.955233333333325,2.8300333333333754,-2.680199999999992,-2.300000000000068,6.738466666666682,-1.2333333333333485,19.811333333333266,-0.317359999999999,0.15360758497642735,7836.0,-23.333333333333258,4.0,56.20000000000073,-8.207509157513414,0.3373489864799808,1.8953333333333262,-0.09666666666666712,-0.2999999999999998,1.2999999999999972,-1.170566666666673,1.8333333333321207,3.1769999999999925,1.0,1.053728617678422,-0.7968362055857345,-0.6796230053791398,0.9920194842879662,-1.3096132133451859,0.3841918126332235,-1.4440827807982546,0.5479181543190138
2019-09-30,3.6000000000000085,-1.6666666666666714,9.734333333333325,15.966666666666669,-3.999999999999943,-0.6666666666666643,-0.06278764568764572,-0.03333333333353039,-43123.0,589.0,0.7512999999999721,-1.1000000000000227,0.5333333333331893,3.985133333333337,1.6833999999999918,3.7666666666667368,-6.480689064558625,-3.5438095238095215,-0.8666666666666742,-3.36048597779034,-11.133333333333354,-0.7985666666666731,-0.20000000000001705,-2.5837000000000074,-1.8691666666667288,-1.3666333333333256,-3.8999999999999773,-4.296633333333347,13.133333333333269,-10.11533333333324,-0.5352687179487179,0.10216990178588503,6048.333333333314,104.0,-4.666666666666657,77.59999999999854,106.1757326007355,-0.45143649850865586,1.1540000000000248,-0.18333333333333313,0.2333333333333334,1.13333333333334,1.1443333333333356,7.366666666665878,-0.6609999999999729,1.0,13.928445452190006,-4.896614432804033,-5.266168944696458,-0.3256157574132181,1.1240461372567583,-1.3842737060235817,-3.7495229393917375,0.7410339925038184
2019-12-31,-1.5333333333333456,1.8666666666666742,-1.374333333333368,-15.800000000000011,5.233333333333292,0.33333333333333215,-0.02359696969696956,0.43333333333350765,13568.0,520.0,-1.209866666666656,-0.8000000000000114,0.7000000000002728,-3.7588666666666626,-1.4887999999999977,-5.933333333333394,0.7971861471861672,-2.19554920634922,-2.433333333333337,0.5808014931928014,5.099999999999994,1.0071666666666772,0.06666666666666288,-2.6166666666666814,3.2143666666667343,0.5676999999999879,1.400000000000034,4.051266666666692,-11.333333333333258,8.689666666666653,-0.09486609686609682,0.2845530757210355,2033.3333333333721,74.0,3.4000000000000057,62.00000000000182,24.04725274725024,0.293744859259661,1.507666666666637,-2.220446049250313e-16,-0.10000000000000009,-0.1666666666666572,-0.7968333333333248,-6.16666666666606,-0.8670000000000471,1.0,0.7234849093324908,0.5600164395782306,-1.4959579118361723,-0.6999154227119577,3.5903235988817843,-0.8337258406533752,-0.7309819056835761,0.06535500523859404
