date,allEmployeesChemicals_CHEM,capacityUtilization_CHEM,industrialCapacityChem_CHEM,industrialProdChem_CHEM,industrialProductionChemProd_CHEM,pPIChemicalManufac_CHEM,pPIPaintMaterialsChem_CHEM,ratioManufacturersInvtoShipChem_CHEM,valueManufacturersShipmentsChem_CHEM,cPIFuelOil_OIL,capUtilizationOilGasExtraction_OIL,employeesOilGasExtraction_OIL,globalBrentCrude_OIL,globalWTICrude_OIL,industrialProdCrudeOil_OIL,industrialProdDrilling_OIL,industrialProdMachinery_OIL,industrialProdOilGasExtraction_OIL,pPIDrillingOilGas_OIL,pPIOilGasExtraction_OIL,pPIOilGasMachinery_OIL,pPIPipelineTransCrudeOil_OIL,wTISpotPriceFOB_OIL,airRevenueFreightMail_AIR,airTransportation_AIR,cPIAirlineFares_AIR,pPAirlinePassengerServices_AIR,pPCarRental_AIR,pPFlightBookings_AIR,pPScheduledPassenger_AIR,uS_Jet_Fuel_Spot_Price_AIR,airlineGT_AIR,advanceRetailSales_ECON,consumerOpinionSurvey_ECON,consumerPriceIndex_ECON,consumerSentiment_ECON,interbankRates90day_ECON,leadingIndicatorsOECD_ECON,moneyStockM2_ECON,permit_ECON,realDisposableInc_ECON,uS10YearBondYield_ECON,unemploymentRate_ECON,allEmployeesFinanceInsurance_OTHERS,exportPriceIndPharma_OTHERS,industrialProdPharma_OTHERS,personalConsumptionExpendituresFinServInsurance_OTHERS,producerPriceIndexPharma_OTHERS,epsfxq_JBHT_OTHERS_FUNDAM,revtq_JBHT_OTHERS_FUNDAM,epsfxq_ODFL_OTHERS_FUNDAM,revtq_ODFL_OTHERS_FUNDAM,epsfxq_RE_OTHERS_FUNDAM,revtq_RE_OTHERS_FUNDAM,market_TARGET_RELATIVE,specialty_TARGET_RELATIVE,non-specialty_TARGET_RELATIVE,upstream_TARGET_RELATIVE,midstream_TARGET_RELATIVE,downstream_TARGET_RELATIVE,integrated_TARGET_RELATIVE,services_TARGET_RELATIVE,legacy_TARGET_RELATIVE
2009-12-31,,,,,,,,,,,,,,,,,,,,,,,,,,,,,,,,,,,,,,,,,,,,,,,,,,,,,,,,,,,,,,,
2010-03-31,789.3333333333334,69.293,145.6199,100.90446666666666,105.18430000000001,230.66666666666666,219.5666666666667,1.2133333333333332,56323.666666666664,278.0536666666667,94.01603333333333,156.53333333333333,76.6663878536922,78.64520841959973,83.35973333333334,69.52393333333333,60.676899999999996,83.98766666666667,315.6333333333333,259.93333333333334,246.83333333333334,246.33333333333334,78.80704918032788,2910235.3333333335,462.70000000000005,271.912,101.66666666666667,202.83333333333334,94.60000000000001,251.9,2.0567666666666664,37.666666666666664,311106.0,98.45834164936059,217.374,73.86666666666666,0.20666666666666667,99.40858334687499,8475.300000000003,657.6666666666666,11619.766666666668,3.7045409836065577,9.833333333333334,5770.833333333333,118.23333333333335,105.69883333333333,92.035,324.90000000000003,0.29,844.673,0.21,317.795,-0.38,1169.912,1.0,-12.137835511258071,-4.514643862027569,3.617038456838636,-12.892609124177364,-39.843382649090174,7.683027278718385,-1.4279411685023427,-35.57636983328799
2010-06-30,786.8333333333334,70.3383,144.71656666666664,101.79043333333334,104.3628,233.36666666666667,219.66666666666666,1.2166666666666666,57949.666666666664,272.06899999999996,93.55040000000001,158.13333333333333,78.67259018759022,77.86350649350653,82.73776666666667,71.97006666666665,63.57723333333333,84.25913333333334,318.43333333333334,231.16666666666666,247.0666666666667,255.26666666666665,77.81603174603174,3068738.3333333335,459.6666666666667,275.66800000000006,104.53333333333335,181.4333333333333,95.7,259.3666666666666,2.1209523809523816,38.666666666666664,316406.0,98.42255714260982,217.29733333333334,73.93333333333334,0.42333333333333334,99.6609441987943,8564.276923076925,599.6666666666666,11811.199999999999,3.4735538461538464,9.633333333333333,5758.733333333334,119.66666666666667,104.35430000000001,93.20299999999999,325.6,0.4,942.776,0.58,368.25,2.7,1099.431,1.0,12.43918450267323,87.47127619011867,-19.293679285198312,6.879469101149404,-0.11747002153951826,13.00177163261003,36.187347831581214,-52.887686133286984
2010-09-30,785.2333333333332,70.7625,143.70613333333333,101.68979999999999,102.92049999999999,233.9333333333333,224.63333333333335,1.2,59768.333333333336,263.4216666666667,95.25836666666665,159.43333333333334,76.4051515151515,76.0069696969697,85.1855,70.70206666666667,66.8959,86.56596666666667,330.8,229.26666666666665,246.9333333333333,267.6333333333333,76.06203124999999,3096034.6666666665,456.06666666666666,279.109,103.03333333333335,204.46666666666667,95.7,255.46666666666667,2.0723281250000003,32.666666666666664,317601.6666666667,97.9530989646916,217.93433333333334,68.3,0.33666666666666667,99.5841733309703,8645.953846153847,574.0,11895.300000000001,2.7714242424242435,9.466666666666667,5755.5,121.73333333333333,101.04203333333334,93.175,329.1333333333334,0.41,986.024,0.44,395.981,3.11,1178.09,1.0,1.8736309314992985,-2.5211242958764326,1.0531548975117369,2.8372635351381645,2.709027039679417,1.4733105306963665,0.8497344705159021,2.4764750529010975
2010-12-31,783.6333333333333,70.8025,142.60146666666665,100.96363333333333,103.1637,236.9,230.66666666666666,1.2166666666666666,61065.666666666664,286.985,95.43746666666668,161.29999999999998,86.79487232574188,85.10494008407052,85.73033333333332,73.80066666666667,70.49233333333333,87.60329999999999,338.8666666666667,241.79999999999998,247.36666666666667,286.6,85.16046875000002,3100765.0,455.0333333333333,286.4243333333333,101.76666666666667,189.1,95.7,252.13333333333333,2.343203125000001,28.333333333333332,327139.6666666667,98.20861892314595,219.69899999999998,71.26666666666667,0.28,99.91261643706902,8758.461538461539,583.3333333333334,11961.933333333334,2.8600757575757574,9.500000000000002,5759.666666666667,124.3,102.16536666666666,93.89299999999999,331.8666666666667,0.46,1020.012,0.39,398.972,5.51,1258.374,1.0,1.860199949612461,3.010830156127138,1.3169948301962215,1.6431233161636118,1.7013224220355776,1.4337878780930193,2.9672194098241134,2.16946896442987
2011-03-31,781.9333333333334,71.8178,141.5044,101.6241,104.11906666666668,245.0666666666667,243.30000000000004,1.2166666666666666,63843.333333333336,317.4273333333333,93.01006666666667,164.53333333333333,104.89702208419597,93.930695652174,83.77506666666666,77.96853333333333,73.57333333333332,86.37373333333333,349.73333333333335,265.46666666666664,249.0666666666667,257.6,94.06612903225808,3139982.6666666665,453.9666666666667,304.05833333333334,107.76666666666665,188.4,95.7,267.6,2.8742580645161295,34.333333333333336,334916.3333333333,98.44996911452277,222.0436666666667,73.06666666666666,0.2833333333333334,100.27139707718533,8865.0,567.0,12083.966666666665,3.440984374999999,9.033333333333333,5757.833333333333,123.03333333333335,102.53266666666667,94.869,339.40000000000003,0.4,1000.78,0.38,422.679,-5.81,1206.445,1.0,1.3437529767678755,1.834762993913,2.2247250861865,2.7754139867278944,4.739202380476259,2.1367501080209204,2.6028837180471838,-0.930748216493573
2011-06-30,783.2999999999998,71.8767,140.59603333333334,101.05613333333332,105.88163333333334,252.13333333333333,255.6,1.21,66260.66666666667,343.5316666666667,94.69056666666667,170.4,117.12212842712832,102.51610389610397,86.05666666666667,85.45593333333333,76.01123333333332,89.1272,357.7,289.53333333333336,252.5,254.4,102.02174603174603,3116185.6666666665,456.1666666666667,296.65933333333334,110.73333333333333,168.4,95.7,274.96666666666664,3.1290952380952386,33.666666666666664,340346.0,98.1084691619346,224.5683333333333,71.86666666666666,0.22,99.97966442012489,9030.523076923077,611.6666666666666,12057.533333333333,3.1874615384615383,9.066666666666668,5763.566666666667,123.73333333333333,103.05173333333333,95.956,339.46666666666664,0.53,1149.855,0.69,480.255,2.41,1176.791,1.0,0.8028140087056664,-0.4487033704149723,0.3902241900750229,1.122841067646384,0.23751697372452293,0.321480835451873,-0.11391293010073648,-1.1429890490482668
2011-09-30,785.4333333333334,72.3324,140.11870000000002,101.35106666666667,107.02576666666666,255.66666666666666,266.0333333333333,1.24,66191.33333333333,345.4956666666667,94.044,174.36666666666667,112.996358303532,89.71064401781793,86.75363333333333,92.50563333333334,81.63576666666665,89.91346666666668,368.23333333333335,273.9666666666667,255.69999999999996,262.8,89.49296874999999,3072062.0,458.73333333333335,311.824,110.96666666666665,214.96666666666667,95.7,275.3666666666667,3.0267812500000013,33.0,343066.0,96.99858481615779,226.03266666666664,59.666666666666664,0.2866666666666667,99.31475668825273,9438.915384615386,626.0,12110.233333333332,2.4035454545454535,9.0,5770.966666666667,124.73333333333335,102.8182,96.544,343.4666666666667,0.57,1171.27,0.67,494.475,1.16,1024.794,1.0,3.6916051990325363,-0.021275674616066824,3.708997618691949,1.7903855392775256,-1.4646334791580145,1.8656102703650974,1.8582438730364366,5.096441620657304
2011-12-31,782.6666666666666,72.3164,140.18476666666666,101.37646666666667,105.96953333333333,255.4,279.36666666666673,1.2666666666666666,65707.0,343.633,96.4728,179.0,109.31437950937966,94.0282756132756,91.19163333333334,97.31543333333333,87.1191,93.91766666666666,375.3333333333333,269.5333333333333,256.3,262.8,94.01523809523809,3024484.6666666665,458.56666666666666,303.954,111.16666666666667,150.46666666666667,95.7,275.8666666666667,2.9614920634920643,27.666666666666668,349014.0,97.48575114448825,227.0473333333333,64.8,0.42333333333333334,99.37153241041382,9603.676923076922,691.3333333333334,12147.833333333334,2.0310769230769234,8.633333333333333,5783.466666666667,123.40000000000002,105.2636,96.53399999999999,345.43333333333334,0.61,1204.937,0.69,485.132,0.76,1285.931,1.0,-18.912236832703382,-113.77755791433422,-5.969801559680446,43.156338081784405,-63.663266307223616,15.065188111786906,-57.992490445937555,-3.3428872276732005
2012-03-31,782.9333333333334,72.304,140.70123333333333,101.73186666666668,104.83053333333334,259.93333333333334,287.3333333333333,1.2299999999999998,66467.0,339.22566666666665,97.43453333333332,182.83333333333334,118.541551226551,102.85398268398266,95.23213333333335,99.76776666666666,96.72683333333333,96.82216666666666,382.3666666666666,260.40000000000003,257.93333333333334,264.3,102.98419354838705,3045505.0,460.70000000000005,307.551,115.16666666666667,150.96666666666667,95.66666666666667,286.36666666666673,3.1857096774193563,30.666666666666668,356235.0,98.64882186456227,228.32600000000002,75.5,0.33,99.88440148383866,9766.43846153846,752.0,12375.233333333332,2.021092307692308,8.266666666666667,5806.166666666667,123.93333333333332,103.91123333333333,98.71799999999999,355.8,0.57,1165.922,0.54,502.819,5.68,1249.124,1.0,2.0285782224744344,1.406637580419556,0.8700389285449058,0.25900881665786574,1.5214988385468275,0.7392122698498944,0.7421299887807506,1.1562532937115098
2012-06-30,781.7333333333332,70.9552,141.46363333333332,100.3746,101.80226666666665,261.2,301.73333333333335,1.2433333333333334,64975.666666666664,336.49033333333335,96.26813333333332,186.76666666666665,108.90057971014487,93.38358868184963,97.35133333333334,101.45700000000001,103.02596666666666,97.88736666666667,392.8333333333333,227.83333333333334,261.03333333333336,261.0,93.2887301587302,3074310.6666666665,460.7,295.8016666666667,117.46666666666665,137.16666666666666,94.40000000000002,292.3666666666667,2.9553015873015878,30.666666666666668,355052.0,98.74515986366521,228.808,76.3,0.3,99.87000503735187,9907.638461538461,774.0,12487.766666666668,1.8080307692307696,8.2,5824.166666666667,123.76666666666667,101.87873333333333,99.454,356.1000000000001,0.67,1255.13,0.83,547.452,4.08,1182.055,1.0,7.342363625540796,-35.468433621215894,-72.02186244215714,-8.338135570853094,-13.551260339992083,-21.22477391580179,-52.09834892336365,12.94729156205154
2012-09-30,783.6999999999999,69.5748,142.20833333333334,98.9411,97.64143333333334,259.9,300.5,1.25,64871.333333333336,329.12466666666666,96.27823333333333,189.1,109.95446969696967,92.20229644268777,100.32440000000001,100.43156666666668,103.21063333333332,100.3562,394.6666666666667,234.16666666666666,261.8666666666667,278.73333333333335,92.16793650793653,3026462.6666666665,460.23333333333335,308.825,114.33333333333333,167.36666666666665,94.06666666666668,283.90000000000003,3.078730158730158,27.333333333333332,357820.0,98.73701712551144,229.841,74.96666666666665,0.26666666666666666,99.68108017299797,10106.307692307695,873.0,12398.4,1.6246031746031748,8.033333333333333,5832.133333333334,123.2,97.2907,100.18700000000001,362.1333333333334,0.65,1295.792,0.59,550.511,4.82,1218.981,1.0,0.6570202476023226,1.092437397211163,-0.15286105605786607,-0.9608677772833867,7.471330406444096,1.9413338504725635,1.9740968790213642,-1.5415366224308193
2012-12-31,786.2000000000002,69.3185,142.7501333333333,98.95246666666667,95.7258,260.0,290.3333333333333,1.24,65400.666666666664,338.12433333333337,98.1356,190.13333333333333,110.441765480896,88.13278844344063,107.09213333333332,98.17633333333333,96.55803333333334,104.93430000000001,396.56666666666666,241.36666666666667,262.1666666666667,279.8,88.01015625000001,2893999.6666666665,455.1666666666667,308.9546666666667,113.03333333333335,170.9333333333333,91.46666666666665,277.96666666666664,3.00784375,23.0,363147.0,99.05733217132394,231.36933333333334,79.4,0.2333333333333333,99.80565507595186,10336.621428571427,915.0,12741.933333333334,1.691803278688524,7.8,5850.833333333333,123.89999999999999,96.91933333333333,101.641,363.59999999999997,0.7,1338.136,0.46,533.797,1.14,1272.65,1.0,8.77325290983099,-0.9129684152248001,-1.1598811425583513,1.2064143158179002,22.017773711365557,0.7003302608147574,-2.4684424855175293,8.854664361181312
2013-03-31,791.4666666666667,68.4115,142.77373333333333,97.67383333333333,93.17733333333335,264.1666666666667,280.43333333333334,1.2833333333333334,65516.666666666664,330.64933333333335,96.74573333333332,193.79999999999998,112.87456521739132,94.35523464458242,109.0505,100.49966666666667,95.93526666666666,106.13906666666666,412.1000000000001,249.6,263.6666666666667,279.8,94.32549999999998,2980604.3333333335,449.1666666666667,320.0743333333333,115.0,172.26666666666665,95.96666666666665,283.2,3.0905499999999995,24.666666666666668,369558.6666666667,98.80575783893039,232.29933333333335,76.66666666666666,0.22,100.09071910349246,10486.483333333335,952.0,12231.966666666667,1.9323666666666675,7.733333333333333,5865.133333333334,123.56666666666666,95.0366,102.743,373.1000000000001,0.61,1291.587,0.47,538.416,7.5,1350.19,1.0,2.0866373566290597,1.7367390219908052,1.1226730326030447,0.946252885972011,5.309585008119937,0.5062625987928278,1.4098648235322995,5.772500687448923
2013-06-30,793.3666666666667,68.4927,142.05676666666668,97.29826666666668,91.25493333333333,265.3,272.96666666666664,1.2966666666666666,65210.333333333336,322.06666666666666,96.66833333333334,193.5666666666667,103.00413702239801,94.17576218708827,112.85820000000001,103.28896666666667,92.66890000000001,108.82166666666666,434.7666666666667,260.3666666666667,263.4666666666667,287.2,94.04890624999997,2877677.0,446.3666666666666,302.035,113.93333333333334,147.73333333333335,96.0,281.03333333333336,2.767046875,24.666666666666668,369235.6666666667,99.43735604840161,232.045,81.66666666666667,0.19666666666666668,100.39012665688365,10610.076923076924,985.6666666666666,12323.033333333333,2.002608108108108,7.533333333333334,5882.900000000001,121.66666666666667,92.79026666666665,104.62200000000001,375.73333333333335,0.73,1382.857,0.68,590.304,5.56,1334.958,1.0,0.8125435617746591,-0.7407582990026872,0.39421460472427633,0.600176789668164,-0.18404797552333332,0.3639995094781669,-0.21399713400181142,2.9365353889106927
2013-09-30,792.8333333333334,68.3564,140.7234,96.19376666666669,90.17893333333332,263.96666666666664,269.73333333333335,1.28,65225.666666666664,334.735,97.62886666666667,193.30000000000004,110.100838509317,105.80179685049266,118.2425,103.4815,92.8066,112.83463333333333,442.40000000000003,270.4666666666667,263.5333333333333,297.33333333333337,105.83046874999997,2868621.0,441.3333333333333,314.9266666666667,115.36666666666667,174.29999999999998,100.2,285.03333333333336,2.9442656250000003,24.333333333333332,372688.0,99.31663808845259,233.29999999999998,81.56666666666666,0.12333333333333334,100.53609477048967,10773.514285714284,988.3333333333334,12376.300000000001,2.698358024691357,7.233333333333333,5896.866666666666,120.60000000000001,90.26153333333333,105.824,378.6333333333334,0.75,1435.851,0.7,616.458,4.81,1396.924,1.0,2.289182234906099,-1.1999991387547657,1.2156853086911765,-0.583317224956717,-2.902431404159895,0.3096513973724161,3.2889022924460862,2.576493130649458
2013-12-31,793.8333333333334,68.5167,139.12113333333335,95.32013333333333,88.87106666666666,262.2,264.6,1.2466666666666668,65975.0,340.09233333333333,95.61276666666667,193.1,109.39647782169534,97.40502948742086,119.27,99.97393333333333,93.52046666666666,113.53826666666664,445.59999999999997,255.9,264.40000000000003,298.06666666666666,97.49671875,2884807.6666666665,440.90000000000003,315.3813333333333,114.60000000000001,155.43333333333334,100.46666666666665,282.9666666666667,2.8907343750000014,22.333333333333332,374594.0,98.90795385487421,234.1626666666667,76.93333333333334,0.12666666666666668,100.52970740643366,10970.599999999999,1026.6666666666667,12425.199999999999,2.736987012987013,6.933333333333334,5897.900000000001,120.8,89.36033333333334,107.994,375.7666666666667,0.77,1474.276,0.55,592.47,7.54,1511.843,1.0,1.6206043636909804,0.8927782599989271,0.9037091709486025,-0.07864770956357758,2.195625408766758,0.21970370217559815,1.7360987653694977,3.78909362023001
2014-03-31,796.8000000000001,68.9328,137.54616666666666,94.81263333333334,89.38046666666668,267.5,260.7,1.26,66107.0,365.38466666666665,96.7778,194.23333333333335,107.92938302277435,98.75795169082113,124.91609999999999,101.4178,95.6071,118.15589999999999,454.09999999999997,284.6333333333333,267.6666666666667,298.4,98.67819672131144,2876194.0,441.3666666666666,304.19,115.10000000000001,181.46666666666667,102.2,284.2,2.9241147540983605,27.333333333333332,377627.6666666667,99.36719087549109,235.62099999999998,80.93333333333334,0.12333333333333334,100.56960935793866,11133.323076923076,1030.0,12598.300000000001,2.7571999999999997,6.666666666666667,5902.933333333334,117.16666666666667,88.84866666666666,109.14299999999999,392.43333333333334,0.58,1406.908,0.53,620.276,6.21,1286.074,1.0,2.155955681323618,1.1468259587454477,-0.7070048065478411,0.9745464828823776,4.347048265024815,0.1474665627921347,0.005378006828676821,7.1252519429051215
2014-06-30,800.4333333333334,69.89,136.16876666666667,95.16766666666666,90.82903333333336,269.8,255.1,1.2633333333333334,66120.33333333333,339.3483333333333,99.29109999999999,196.66666666666666,109.806645021645,103.14124098124098,133.29620000000003,107.04090000000001,99.05403333333334,124.61723333333333,455.8,280.6333333333333,267.53333333333336,298.53333333333336,103.34682539682541,2971916.0,442.1666666666667,312.118,118.66666666666667,181.26666666666665,104.23333333333333,293.8666666666666,2.8796349206349205,25.666666666666668,386993.0,99.46568732160193,236.87233333333333,82.83333333333333,0.11333333333333333,100.73789465799832,11309.53846153846,1034.6666666666667,12769.866666666667,2.610857142857143,6.2,5912.033333333333,116.16666666666667,89.98453333333333,110.697,393.8,0.79,1547.866,0.86,702.987,6.26,1446.234,1.0,3.232263579063002,0.1773070554202485,2.829157058965772,2.746675569859156,2.419405379693796,2.8237870368597093,5.9270870723922435,5.423576527272897
2014-09-30,804.6333333333333,71.4051,135.023,96.4126,92.87819999999999,271.1666666666667,259.3333333333333,1.2566666666666666,65778.66666666667,337.41866666666664,99.82433333333334,198.4666666666667,102.0805960223352,97.57220214568049,138.21596666666667,112.8064,96.21373333333334,128.60033333333334,453.59999999999997,256.8,267.90000000000003,314.09999999999997,97.86968750000001,2999396.0,444.06666666666666,309.2376666666667,118.43333333333334,184.0,104.63333333333333,293.03333333333336,2.798111111111111,25.0,389734.0,99.56523343492916,237.47833333333332,82.96666666666667,0.12666666666666668,100.83404128392932,11458.176923076924,1065.3333333333333,12918.966666666665,2.490304878048781,6.066666666666667,5940.533333333333,117.89999999999999,90.42126666666667,111.82799999999999,398.26666666666665,0.87,1601.156,0.9,743.586,6.0,1514.19,1.0,2.7000863448063894,-2.086735978472237,1.4565398664078735,7.280201564433874,-1.4655443777150887,0.2191417256658707,2.495593194489686,1.3761737822623727
2014-12-31,808.2666666666668,71.6303,134.0084,95.98973333333333,93.07736666666666,268.2,255.4,1.2866666666666668,64235.666666666664,312.1863333333333,99.69319999999999,200.70000000000002,75.9568695652174,73.06702173913042,142.40993333333333,119.75833333333333,91.78809999999999,131.4658,444.59999999999997,209.29999999999998,268.09999999999997,319.8666666666666,73.21124999999999,3009839.0,448.6333333333334,304.7923333333334,115.39999999999999,149.5,100.5,285.1666666666667,2.17108064516129,22.0,390215.0,100.37343497405634,236.88833333333332,89.76666666666665,0.13333333333333333,100.79402487857435,11601.007692307692,1078.6666666666667,13089.733333333332,2.2666794871794878,5.7,5966.566666666667,116.33333333333333,92.32243333333334,112.41799999999999,401.8333333333333,0.93,1609.511,0.81,721.048,7.47,1503.223,1.0,-4.627819770259238,-3.2522369592063507,-11.78688891477997,-4.479205204717869,-4.022322062027925,-5.659182838170069,-12.618916650041058,9.169505629388276
2015-03-31,806.1333333333333,72.0169,133.0349,95.80786666666665,95.0279,264.4666666666667,254.16666666666666,1.32,61944.666666666664,273.524,99.6904,197.53333333333333,54.046227272727265,48.70159090909093,145.44306666666668,99.444,77.3847,134.04243333333332,403.8333333333333,139.53333333333333,268.1666666666667,325.7,48.485245901639345,3089921.3333333335,450.8333333333333,292.68666666666667,115.33333333333333,165.06666666666666,98.5,285.2666666666667,1.6278196721311473,24.666666666666668,387032.3333333333,100.97518490730901,235.35500000000002,95.5,0.15,100.57235716310466,11812.753846153846,1086.3333333333333,13238.433333333334,1.9663199999999994,5.533333333333334,5998.133333333334,112.89999999999999,94.87533333333333,112.89,414.26666666666665,0.78,1440.18,0.73,696.245,7.19,1428.62,1.0,0.6980890248604644,1.6996333077032297,-2.4631368414398365,-1.6363952670660356,1.7510888937680242,-1.8330275191587786,-4.2179231628881935,5.5758087640749325
2015-06-30,807.5,72.0598,132.10413333333335,95.1941,93.23016666666666,265.9666666666667,245.0666666666667,1.3233333333333335,61443.333333333336,265.81166666666667,98.9156,194.26666666666665,62.09896103896103,57.7568542568543,146.50646666666668,71.91180000000001,61.2183,134.95953333333333,379.90000000000003,149.5666666666667,269.1333333333333,320.9,57.8546031746032,3005726.3333333335,454.93333333333334,292.41333333333336,114.13333333333333,154.1,97.0,282.2,1.7595238095238088,23.666666666666668,393483.6666666667,100.81104853589467,236.96,94.23333333333335,0.15333333333333335,100.26204486114166,11951.93846153846,1266.0,13337.966666666667,2.153769230769231,5.433333333333334,6020.7,111.96666666666668,94.1739,114.227,421.40000000000003,0.88,1539.957,1.0,762.151,4.68,1383.793,1.0,5.688347636967075,-4.089195683333831,2.5395111716320344,2.588799499816726,2.4641449698825264,-1.9558905165328628,5.709195892220252,-7.343804143594205
2015-09-30,807.0,72.2011,131.29506666666666,94.79646666666667,93.4248,266.09999999999997,245.76666666666665,1.33,61869.0,248.3323333333333,97.87406666666668,193.5,50.03149444758143,46.50214536671056,146.225,72.5688,51.62103333333334,134.79363333333333,366.8999999999999,131.2,267.3666666666666,332.8,46.48609375000001,2977291.0,461.1333333333334,291.107,111.69999999999999,169.79999999999998,95.66666666666667,275.73333333333335,1.4428906249999998,24.666666666666668,397281.0,100.50151548580466,237.85500000000002,90.73333333333333,0.24,99.83717000804268,12096.807692307691,1148.3333333333333,13436.0,2.216923076923077,5.1000000000000005,6049.066666666667,111.7,93.6771,115.214,429.93333333333334,0.99,1586.494,0.99,779.474,2.0,1331.749,1.0,3.1597910034184156,6.380674575791237,5.039198468947259,3.831882655051924,2.175875897048753,3.39759973045706,3.3591689152512343,0.5175308942219436
2015-12-31,807.1666666666666,72.7509,130.69446666666667,95.08139999999999,92.68293333333334,262.8,230.96666666666667,1.36,60456.0,235.95733333333337,95.911,188.76666666666665,43.4209909655562,42.0300163121902,142.30156666666667,65.3065,47.11043333333333,132.64509999999999,346.23333333333335,112.86666666666667,266.99999999999994,332.8,41.936562500000015,3002950.6666666665,466.40000000000003,292.6383333333334,108.0,147.9,94.93333333333334,266.5333333333333,1.2626969696969697,23.333333333333332,396041.6666666667,100.46449182799167,237.837,91.3,0.36333333333333334,99.41980205934048,12257.815384615385,1209.6666666666667,13478.666666666666,2.1810641025641018,5.033333333333333,6073.766666666667,110.96666666666665,93.66103333333335,115.381,430.3999999999999,1.01,1621.015,0.85,734.572,8.26,1518.172,1.0,6.289270102280247,-21.099122212140063,1.411657192075693,-37.849452375222526,7.862137615155367,6.3167752166016635,-7.4316132223828495,12.570069935473038
2016-03-31,809.6333333333332,73.3606,130.3524,95.62733333333334,92.80903333333333,264.7,225.63333333333335,1.3766666666666667,59762.666666666664,213.4316666666667,95.21336666666667,184.76666666666665,34.357722567287766,33.27574879227053,139.53473333333335,51.24029999999999,44.94513333333333,131.6722,323.1666666666667,90.0,266.76666666666665,332.9,33.351803278688536,2979459.3333333335,470.43333333333334,287.457,110.46666666666665,141.1,93.53333333333335,273.3,0.993741935483871,24.0,396789.6666666667,100.541508633741,237.77700000000002,91.56666666666666,0.5533333333333333,99.16337774019841,12520.046153846155,1160.3333333333333,13568.699999999999,1.9110399999999996,4.933333333333334,6098.466666666667,107.96666666666665,93.69013333333334,116.764,449.4666666666667,0.88,1528.712,0.72,707.733,4.0,1248.204,1.0,1.220462276472819,3.3030504267374785,3.502970320261584,7.030400612295295,2.4851502009209425,0.32217579969522414,1.7448054314886337,1.3396615848704507
2016-06-30,811.0,72.6073,130.2678666666667,94.58399999999999,92.43186666666666,266.8,235.83333333333334,1.3733333333333333,60169.0,223.304,93.55323333333332,174.16666666666666,45.9528427128427,45.51913419913419,135.81539999999998,39.99196666666666,41.07926666666666,129.0368,319.3666666666666,112.83333333333333,266.4,336.93333333333334,45.460624999999986,3019608.6666666665,476.7,285.5883333333333,109.36666666666667,139.70000000000002,91.39999999999999,270.5333333333333,1.276703125,24.333333333333332,401317.6666666667,100.59773844878066,239.47299999999998,92.39999999999999,0.5566666666666668,99.12329320295395,12749.115384615387,1178.6666666666667,13554.366666666669,1.7442207792207787,4.9,6132.266666666666,108.86666666666667,94.06033333333333,118.91,452.76666666666665,0.92,1615.026,0.98,755.435,3.67,1404.881,1.0,1.5772782199377886,0.8285478353921238,2.725439923528557,2.5132967912262685,-0.7462863439057701,1.9694045160611167,2.2683887217728387,-1.162747728785525
2016-09-30,813.1,71.905,130.39819999999997,93.76299999999999,90.60626666666667,267.8666666666666,232.79999999999998,1.3933333333333333,60154.0,229.49633333333335,92.28043333333333,164.03333333333333,45.801312190225225,44.93610264132004,133.4836,41.3865,39.65103333333333,126.92093333333332,312.5,128.29999999999998,265.59999999999997,332.73333333333335,44.85187499999999,3095097.6666666665,480.56666666666666,280.5566666666667,108.83333333333333,149.83333333333334,89.8,269.2333333333333,1.2938923076923077,23.333333333333332,405144.6666666667,100.40378412094066,240.59133333333332,90.33333333333333,0.7000000000000001,99.22002442567866,12952.576923076924,1225.6666666666667,13615.066666666668,1.5629753086419755,4.8999999999999995,6163.833333333333,110.43333333333332,90.64876666666667,120.671,457.8333333333333,0.97,1690.659,1.03,782.611,7.06,1493.379,1.0,-0.029723871895281827,-1.1577038607982073,1.0017051896691496,5.252434759440055,-0.6117035394224072,0.1145874521679428,1.004114755792407,-1.3216260878118409
2016-12-31,813.1333333333333,72.601,130.67213333333333,94.86946666666667,91.18973333333334,269.0333333333333,235.0,1.3966666666666665,60461.666666666664,239.045,92.55056666666667,156.23333333333335,50.078217893217904,49.174018759018765,134.6613,48.01933333333333,40.245733333333334,127.22233333333332,302.40000000000003,142.4,265.5333333333333,331.6333333333333,49.13555555555556,3205449.3333333335,482.2666666666667,276.565,108.56666666666668,138.13333333333333,97.86666666666667,268.46666666666664,1.4329687500000001,21.666666666666668,408985.3333333333,100.75787477245068,242.11533333333333,93.06666666666666,0.7666666666666666,99.5497278208885,13147.615384615385,1261.3333333333333,13696.733333333332,2.1297236842105263,4.766666666666667,6192.433333333334,109.60000000000001,92.21706666666667,121.807,459.6666666666667,1.05,1721.062,0.83,745.738,9.08,1609.235,1.0,0.473825927426093,12.833202875150958,14.873386863161127,10.486575688118192,23.09213469847058,2.904146171384079,13.645061557176097,49.28047009175569
2017-03-31,817.0333333333334,72.4702,130.97990000000001,94.92133333333334,89.61149999999999,274.6,231.16666666666666,1.3866666666666665,61476.333333333336,250.2733333333333,94.19756666666666,147.4,54.1181627140975,51.84860935441373,138.05613333333335,58.3543,43.36773333333334,129.97006666666667,312.6,153.86666666666667,265.3666666666667,331.43333333333334,51.62129032258064,3235713.0,487.2,282.64033333333333,111.5,137.66666666666666,92.83333333333333,275.73333333333335,1.4978225806451615,28.333333333333332,415191.0,101.213772800586,243.822,97.23333333333335,0.9166666666666666,99.84557091124206,13332.092307692306,1284.6666666666667,13860.966666666667,2.4449736842105265,4.566666666666667,6235.0,105.3,90.25113333333331,121.98899999999999,473.90000000000003,0.92,1629.158,0.8,754.096,7.07,1473.78,1.0,1.434084052214152,2.3081578239091596,-0.0035789601212261176,0.2896500733655463,0.6011052968876524,-0.2918116115312563,-0.7084772825218085,1.9871850570439111
2017-06-30,821.9333333333334,73.7277,131.2312,96.75393333333334,90.4498,277.1333333333333,241.29999999999998,1.39,61589.0,247.18200000000002,95.15903333333334,143.9,50.27630500658763,48.298430830039536,140.9954,67.98996666666666,46.20023333333334,132.52873333333332,323.96666666666664,143.1,265.43333333333334,326.5,48.10380952380951,3373568.6666666665,489.93333333333334,278.628,111.96666666666665,137.1,94.63333333333333,276.93333333333334,1.3990317460317467,28.0,416439.6666666667,101.06967597943766,244.05433333333335,96.36666666666667,1.08,99.9311998419741,13515.838461538464,1254.3333333333333,13953.4,2.257144736842105,4.366666666666667,6255.066666666667,106.40000000000002,91.49723333333333,124.24600000000001,476.1000000000001,0.88,1726.915,1.19,839.912,5.95,1510.551,1.0,0.9020228739974591,-1.0512452878586145,-2.7385453275998812,-1.7028457979609104,-0.4779299916593693,-1.2303724442381836,-4.5228333985007,0.9746947835448903
2017-09-30,825.1666666666666,72.8677,131.3546,95.71486666666668,91.73316666666666,277.3333333333333,242.6,1.3866666666666667,61771.333333333336,250.2673333333333,95.7223,142.5666666666667,51.74080745341613,48.137246376811596,144.52656666666667,68.5145,47.30956666666666,135.46370000000002,327.3333333333333,141.36666666666667,265.06666666666666,327.2,48.181774193548385,3510126.0,492.4666666666667,272.25233333333335,108.86666666666667,159.86666666666667,84.46666666666665,268.8,1.592145161290323,24.0,421180.6666666667,101.03951423186834,245.359,95.09999999999998,1.24,100.08282407605499,13659.853846153845,1277.0,14034.566666666666,2.241205128205128,4.3,6276.100000000001,107.73333333333335,91.5097,125.37700000000001,479.23333333333335,0.91,1843.335,1.24,872.987,-15.73,1702.156,1.0,0.331483328927788,1.3892470445820941,-2.035660451342673,2.0333626011878003,2.1760104565642737,-0.3298174839506709,-3.678054533768856,-0.8059834151639103
2017-12-31,831.4,75.3392,131.32416666666668,98.93856666666666,93.08036666666668,281.3,246.0,1.366666666666667,63543.333333333336,269.65299999999996,98.20936666666667,141.20000000000002,61.4683621933622,55.412460317460365,151.94706666666667,65.86076666666666,48.033633333333334,142.22853333333333,330.3666666666666,156.5,265.8333333333333,326.56666666666666,55.26587301587303,3572908.6666666665,496.5,269.47333333333336,110.5,154.29999999999998,93.96666666666665,273.16666666666663,1.7428124999999994,22.333333333333332,431362.3333333333,101.25680702151301,247.25,98.36666666666667,1.3733333333333333,100.36238560827566,13794.399999999998,1326.0,14162.433333333334,2.3708571428571426,4.133333333333334,6275.566666666666,107.89999999999999,93.7194,128.059,483.73333333333335,3.48,1990.16,2.39,891.117,13.87,1838.015,1.0,0.2693680908436813,1.931893784649095,2.024095256934953,-0.9528994755187504,2.8977835096570765,1.0424240818341926,-0.07514092933205486,0.2090791309770056
2018-03-31,830.6999999999999,75.0138,131.16986666666665,98.39529999999998,93.2658,286.56666666666666,254.53333333333333,1.36,64293.333333333336,288.00433333333336,97.87746666666668,141.66666666666669,66.95132542819495,62.85610671936757,156.65149999999997,70.44733333333333,48.77996666666667,145.91443333333333,328.23333333333335,166.33333333333334,267.40000000000003,326.2,62.905737704918025,3656644.6666666665,497.9666666666667,266.82666666666665,110.76666666666667,144.33333333333334,96.60000000000001,273.56666666666666,1.8861129032258066,24.0,434541.0,101.36164691667233,249.23466666666664,98.93333333333334,1.83,100.63581622914067,13892.846153846152,1376.3333333333333,14400.299999999997,2.7571733333333337,4.066666666666666,6295.966666666666,109.56666666666666,93.83050000000001,129.78,493.7666666666667,1.07,1948.245,1.33,925.02,5.11,1721.776,1.0,0.13219486281853066,0.742161525066566,1.3146699065921637,0.332428691861079,1.6353006013530524,-0.2744630339177998,1.552294232941936,0.9306607664026879
2018-06-30,832.6999999999999,76.5495,130.9594,100.24860000000001,93.12413333333335,289.7,257.06666666666666,1.3633333333333335,64897.666666666664,291.1803333333333,98.18663333333335,142.96666666666667,74.4886680469289,67.9119806763285,163.25116666666668,77.1503,51.89933333333334,151.25003333333333,331.7,170.1,267.43333333333334,320.99999999999994,68.06546875000001,3656520.3333333335,499.8333333333333,261.04066666666665,113.96666666666665,143.46666666666667,94.86666666666667,282.3666666666667,2.088707692307693,25.0,439856.3333333333,101.35617004405434,250.59099999999998,98.33333333333333,2.1833333333333336,100.70057933340333,14045.684615384615,1334.3333333333333,14495.933333333334,2.921415584415584,3.9333333333333336,6323.633333333334,110.06666666666666,94.81053333333334,131.395,493.8,1.37,2139.027,1.99,1033.498,1.6,1866.303,1.0,3.5179675195686144,-1.3265524173686016,-7.008795987769892,1.4568020535622335,-13.078769451859626,-1.490924827978454,-0.9502857415107542,6.300645281073281
2018-09-30,836.3000000000001,77.4309,130.79306666666665,101.27433333333333,93.75723333333333,291.6666666666667,257.2666666666667,1.366666666666667,65683.0,298.47566666666665,100.73426666666666,142.20000000000002,75.4754743083004,69.72185309617917,174.26556666666667,77.0974,52.97883333333334,160.4167666666667,330.8666666666666,180.0666666666667,268.3,334.1333333333333,69.68730158730159,3682120.6666666665,502.3666666666666,266.9633333333333,112.66666666666667,164.9,93.76666666666667,278.93333333333334,2.1324285714285707,24.0,442596.0,101.29519865578199,251.88266666666667,98.06666666666668,2.1999999999999997,100.557234915344,14186.100000000002,1290.3333333333333,14613.266666666668,2.921538461538461,3.766666666666667,6347.900000000001,109.36666666666667,95.3036,132.969,497.3333333333333,1.19,2209.76,2.12,1058.233,4.84,1898.121,1.0,0.6785491565971612,0.851764151212936,0.7807926312498187,1.7164621219110592,0.5338932834751199,0.1801604931599861,-1.3068063557499576,1.0118030456662852
2018-12-31,842.1333333333333,77.8814,130.7526,101.83196666666667,94.22686666666668,292.7,255.26666666666665,1.366666666666667,66485.66666666667,294.538,100.94456666666667,141.5,67.36929355668487,58.65142323859717,180.46963333333335,78.54413333333333,53.4024,165.69553333333334,338.46666666666664,175.86666666666665,268.96666666666664,338.2,59.96557377049181,3636211.3333333335,505.5333333333333,265.2846666666667,116.83333333333333,150.13333333333333,94.73333333333335,290.6,1.9934098360655734,21.333333333333332,445207.6666666667,101.210677651695,252.69733333333332,98.13333333333333,2.5399999999999996,100.11303351100099,14275.914285714287,1318.0,14715.166666666666,3.0349870129870133,3.8000000000000003,6376.866666666666,109.03333333333332,97.00186666666667,133.938,499.59999999999997,0.81,2317.842,1.95,1026.944,-9.5,1785.089,1.0,1.989353195250968,1.084472510598647,2.0058844790939454,1.6695105339905811,3.5555108606453065,0.8430464715543511,4.10087100955514,0.6197015093334286
2019-03-31,847.5666666666666,77.4778,130.88476666666668,101.40660000000001,94.31353333333334,293.46666666666664,255.4333333333333,1.366666666666667,66510.0,279.3036666666667,99.0456,143.29999999999998,63.2725203588682,54.83240027605243,180.0533,78.3609,55.23933333333333,167.05033333333333,340.3,150.70000000000002,271.1666666666667,337.6666666666667,54.82311475409836,3663301.0,513.1999999999999,259.6933333333333,116.39999999999999,143.9333333333333,94.53333333333335,288.7,1.8680317460317466,24.0,446135.0,100.97532227712935,253.27533333333335,94.46666666666665,2.52,99.58772971830227,14464.79166666667,1297.0,14878.1,2.6503466666666657,3.8666666666666667,6393.466666666667,109.76666666666667,96.24016666666667,132.76,510.73333333333335,1.09,2089.627,1.64,990.782,8.54,1951.786,1.0,-0.9384095890504818,-4.759118698522898,-6.500508297097986,7.848219760680943,-6.435016586104868,-1.0473033290234643,-12.365168595367528,-5.034167806903691
2019-06-30,848.6666666666666,76.1701,131.15223333333333,99.89850000000001,92.2984,292.6,258.7333333333333,1.36,66640.0,283.8806666666666,99.15253333333334,147.83333333333334,68.33977997364953,59.76212911725957,186.37543333333335,75.22243333333334,54.39606666666666,171.2351666666667,339.8333333333333,140.00000000000003,272.1666666666667,335.90000000000003,59.880158730158726,3661358.0,515.7,261.4386666666667,118.66666666666667,145.9,95.89999999999999,294.9,1.9259846153846154,23.333333333333332,453971.0,101.31267126360933,255.17066666666668,98.46666666666665,2.4033333333333333,99.21603351057998,14645.461538461539,1273.6666666666667,14934.300000000001,2.3329866666666668,3.6333333333333333,6411.900000000001,111.06666666666666,95.0696,134.759,510.9333333333334,1.23,2261.647,2.16,1060.666,8.28,1966.237,1.0,1.053728617678422,-0.7968362055857345,-0.6796230053791398,0.9920194842879662,-1.3096132133451859,0.3841918126332235,-1.4440827807982546,0.5479181543190138
2019-09-30,850.2999999999998,76.5458,131.4895,100.64979999999998,94.2684,291.5,265.8,1.3500000000000003,67229.0,278.34233333333333,98.35396666666666,152.16666666666669,61.8590909090909,56.40164313946923,188.40093333333334,69.50026666666668,52.18616666666667,173.55083333333332,335.46666666666664,128.86666666666667,272.3,347.26666666666665,56.336349206349205,3616292.0,518.1666666666666,271.173,117.0,161.86666666666667,99.5,290.90000000000003,1.8631969696969697,22.666666666666668,460019.3333333333,100.86123476510068,256.3246666666667,93.8,2.1033333333333335,98.94650720464357,14932.307142857144,1377.6666666666667,15011.9,1.7977179487179489,3.6333333333333333,6437.7,112.2,96.21393333333333,136.097,512.7333333333333,1.1,2363.66,2.05,1048.457,2.56,1998.762,1.0,13.928445452190006,-4.896614432804033,-5.266168944696458,-0.3256157574132181,1.1240461372567583,-1.3842737060235817,-3.7495229393917375,0.7410339925038184
2019-12-31,852.6333333333333,75.4327,131.82629999999997,99.43993333333333,92.47953333333334,290.7,266.93333333333334,1.3366666666666667,67749.0,281.4936666666667,99.36113333333334,156.5666666666667,62.65627705627707,56.98244463266203,194.47770000000003,61.16143333333333,50.54396666666667,179.08086666666668,332.5,133.96666666666667,270.0,347.3,54.140799999999984,3584794.0,521.0666666666667,269.79866666666663,118.86666666666667,146.06666666666666,97.96666666666665,296.1333333333333,1.8396000000000001,23.0,462052.6666666667,101.15497962436034,257.83233333333334,97.2,1.8033333333333335,98.96153397442819,15243.199999999999,1451.6666666666667,15073.900000000001,1.702851851851852,3.533333333333333,6457.333333333333,112.03333333333335,95.4171,136.56799999999998,511.5,1.35,2450.324,1.8,1009.206,5.32,2214.086,1.0,0.7234849093324908,0.5600164395782306,-1.4959579118361723,-0.6999154227119577,3.5903235988817843,-0.8337258406533752,-0.7309819056835761,0.06535500523859404
